:020000040000FA
:10000000FC7F002001060000F1050000F50500005E
:1000100000000000000000000000000000000000E0
:10002000000000000000000000000000F9050000D2
:100030000000000000000000FD0500004107000076
:1000400010B5064C2378002B07D1054B002B02D0AE
:10005000044800E000BF0123237010BD5C000020B5
:1000600000000000A018000008B5084B002B03D0CA
:100070000748084900E000BF07480368002B03D089
:10008000064B002B00D0984708BDC046000000007A
:10009000A0180000600000205800002000000000B0
:1000A000154A164B1178002909D115491878097895
:1000B0004118C9B21970802012498002C8611178B4
:1000C0000131C9B211701978F02902D819780929BB
:1000D00009D80B4908784042C0B2087018780978EE
:1000E0004118C9B2197012781B789A4203D1802244
:1000F000044B9202DA617047780000200100002072
:10010000000000200044004110B5C3699C07FCD4E6
:1001100003680224A3430360C46901231C42FBD18A
:100120000468234303600368DC07FCD4C46901232B
:100130001C42FBD1C469DC401C42F7D1084B1A4376
:100140000260C3695A07FCD4C0239B0243608181CB
:10015000C3699C07FCD4036802221343036010BDEB
:1001600004000040037EDA07FCD5018570470000DB
:10017000027E01235107FBD5428B1A4207D1428BE5
:10018000DA401A4203D1428B92081A4202D0034B42
:1001900001221A70008DC0B27047C046790000205D
:1001A00070B50368041C988B1A1C0821FF320842A2
:1001B00026D0802099839872112353704021144BCC
:1001C000917150715E68134DC0202E40800506432A
:1001D0005E605E693540284358610F4818600F48DB
:1001E00018615D680E4828408025AD02284358609C
:1001F0005868800B8003586000235171237105E01B
:10020000137ADA0602D5201C00F0D4FA207970BDEA
:1002100098010020FFFFFF8F9800002018010020A8
:10022000FF3F00F0002303714371044B01608360C2
:100230000B78022213430B707047C046A1010000E7
:1002400038B5364B2021DA6901200A43DA61344B94
:1002500006241A7802431A70324B0F221978914300
:1002600019701978214319702F490C7820430870B0
:1002700019780A401A701A7860210A431A702B4BB9
:100280002B4A5A805A7852B2002AFBDB294B0121B3
:100290001A780A431A709A78D107FCD42648026863
:1002A000510B1F221140914200D1052111408C01B8
:1002B0001D8D22492940214319850468A10C0A405B
:1002C0001F2A00D11D221C8D1F210A408C4322436E
:1002D0001A8502680721D20D0A408A4200D1032202
:1002E0000A40188D1103164A02400A431A851978EC
:1002F0007F220A401A701A78042112480A431A70A1
:1003000058621A890C218A431A811A8901218A4369
:100310001A810021802201F040F938BD000400401C
:10032000584400413C44004159440041000C004005
:100330000640000000500041246080003FF8FFFFAD
:10034000FF8FFFFF98010020F7B5141C1F4A5F01C3
:1003500001971D1CD319061C5869271C4000400F2B
:1003600003301033C74006D00F1C80225968120694
:100370000A435A6009E02F1C7B1E9F41144BBF01AA
:10038000FF18381C221C01F0FFF801990F480835AE
:1003900042181761131C5269A104920B890C920335
:1003A0000A435A6159690B4A0A405A616B01F318B2
:1003B0000222DA715979802252420A435A716B0142
:1003C000F318DB799A07FAD5201CFEBD98010020AE
:1003D00018010020FF3F00F0F8B51A4E051C3378D5
:1003E000141C002B12D1184B184A1A645A6C920B29
:1003F00092035A64586C164A02405A64A2235B0066
:10040000EA5C40200243EA54012333704827FF3757
:10041000EA5D0123134012D00B4B5A6C9204920CEC
:10042000A24202D25C6CA404A40C081C221C074942
:1004300001F0AAF80123EB550023337000E01C1CE7
:10044000201CF8BD7A00002098010020D800002070
:10045000FF3F00F0FF3083792022002900D11022D5
:100460001343837170470000084BFF305A69920BA9
:1004700092035A6102230372827980235B42134301
:100480008371037A9A07FCD57047C0469801002013
:1004900080235B421943C9B28172704770B5A023B3
:1004A00003225B00C254134B134A5C6CC0211440FE
:1004B00089050C4346255C64FF35402444550F4DA7
:1004C00030261D6490256D0046555D6B154029430F
:1004D000922559636D0080214155094D1D63B0255A
:1004E0006D0044555C6F22405A67B2235B00C154D3
:1004F00070BDC04698010020FFFFFF8FD80000208C
:1005000058010020024B5B785BB2002BFADB70478E
:10051000000C0040024BDB68DA06FBD57047C04692
:1005200000080040F8B5264B1E215A6802268A436F
:10053000244C32435A60A660FFF7E4FF224B234D60
:100540006360FFF7DFFFAE84FFF7E4FF204B1B681B
:100550009B0E3F2B00D11F231E4A9B0213431E4AB2
:100560000026EA62AB62AE84FFF7D4FF1B4B022782
:10057000AB84FFF7CFFFAB8C3B43AB84FFF7CAFFE5
:1005800063883F2293431F43678062888023DB0197
:1005900013436380A660FFF7B5FF114B6360FFF75D
:1005A000B1FF104B104AC0215A60104A0906106A68
:1005B0000002000A0143116207229E601A60F8BD22
:1005C00000400041000C004006000100000800400F
:1005D00024608000FF01000080BB0A1C240500008D
:1005E0000007030010E000E0E703000000ED00E07A
:1005F0000EBEFEE70DBEFEE705BEFEE702BEFEE74D
:100600000E4A0F4838B5824204D10E4A0E4B93422F
:100610000ED10AE00D4C9442F7D00023D118884245
:10062000F3D9E55804330D60F8E700F011F804E061
:100630009342FAD2002102C3FAE7FEE7000000204D
:100640005C000020A80300205C000020A41800002B
:1006500038B5304B1A681C1C013221D02E4A191DA6
:100660001160D9B200291BD12C4A10780122104008
:100670002B4A0AD115682B498D4201D110600FE039
:100680001160294901390029FCD11160226882F3E7
:100690000888FF229343254A93601E4B5B681847E6
:1006A000FFF740FF62B600F09DFD00F04FF8204BD1
:1006B000802292029A601F4B1F4A041C5A601B4AF8
:1006C000C021106A09060002000A014311620022DB
:1006D0009A6007221A60A368201C9847174B0028CD
:1006E00001D001221A701A78002A05D0002000F0EB
:1006F0008BFA00F003FBFCE71B78002BEBD100F03A
:10070000E5FD0028E7D0012000F07EFA00F0F6FABF
:10071000FCE7C0460020000018020020380400401A
:10072000FC7F00203581730748E8010000ED00E000
:100730000044004110E000E0E70300007B000020DF
:1007400008B5FFF7ADFC00F0C3FA08BD10B5054BC6
:10075000054C2360FFF774FD201C2168FFF762FD44
:10076000201C10BD005000411C02002070B5051C6B
:10077000C0B0081C161C0C1C00F017FF40006A4695
:10078000032302305370107076080123E218013AF7
:1007900011785A00002906D1281C69460023FFF76A
:1007A000D3FD40B070BDB342F6DA684681520133E2
:1007B000ECE70000F7B5BA4A04681378B949271C7A
:1007C000FF37051C102038720B705378B648B74EAF
:1007D000037093783380D178338809020B433380D8
:1007E0001179B34B19805179188809020843188090
:1007F0009079B0490880D2790888120202430A80B1
:1008000040227A71A84F3A78A64F120238780F1C0E
:100810000243A9488446181C624500D1C2E020DC8E
:10082000802149008A4200D16EE109DC812A00D191
:1008300092E0822A00D195E0802A00D064E18BE02A
:1008400081235B009A4200D1CFE000DA58E1C02357
:100850009B009A4200D157E1984B9A4200D14FE158
:1008600052E190231B019A4269D015DCD023DB00B2
:100870009A4222D088231B019A4269D0A023DB0030
:100880009A4200D040E1201CFFF7EEFD3188286835
:1008900089B2FFF7FDFD3BE1894B9A4200D12FE180
:1008A00000DC31E1874B9A4200D11DE1864B9A4230
:1008B00000D029E133886B7122E133881B0A012BB8
:1008C00008D10B8812222868934201D80A8892B274
:1008D0007E4911E133881B0A022B08D10B88432281
:1008E0002868934201D80A8892B2794904E1338892
:1008F0001B0A032B00D007E13388DBB2012B17D092
:10090000002B07D0022B00D0FEE00A882868D2B264
:10091000704911E0042201A86F4900F035FE3B88C0
:1009200004222868934201D83A8892B201A9E3E0F0
:100930000A8828686949D2B2FFF718FFE8E03388CF
:10094000201C2B71FFF790FD201CFFF7A7FDDFE0B7
:10095000291C01C90122CFE0614900230B802868CE
:100960000222CAE05E4900220A8018885022104004
:100970005C4A10701E880F203040188018880328A9
:1009800000D9C1E012781B8808335B01E418A37911
:10099000002A01D09B0600E0DB06DB0F0B802868F5
:1009A0000222A9E019887F2291434E4AC9B21170F0
:1009B00018880F21014019803188002900D0A3E058
:1009C0001988002900D19FE01988032900D99BE0EC
:1009D00012781B8808335B01E318002A02D020221A
:1009E0005A718DE0102159718AE002887F239A4361
:1009F0003C4BD2B21A7001880F220A400280328822
:100A0000002A00D080E00288002A00D17CE0028821
:100A1000032A00D978E01B78002B1FD00388083305
:100A20005B01E3189B799A066AD503882022083374
:100A30005B01E3181A71038808335B01E318DB7963
:100A40005F065DD50388402208335B01E318DA7145
:100A50000388022208335B01E3181EE00388083391
:100A60005B01E3189B79D9064AD503881022083325
:100A70005B01E3181A71038808335B01E318DB7923
:100A80009A063DD50388202208335B01E318DA710A
:100A90000388012208335B01E3181A7130E0C04675
:100AA000980000207D0000208200002084000020AB
:100AB00086000020800000200203000001030000E7
:100AC00021200000A121000021220000F4150000D7
:100AD00004000020E0150000D0150000D41500002F
:100AE0007E0000207C0000200B88082228689342AA
:100AF00001D80A8892B207490023FFF725FC07E0D6
:100B0000201CFFF7B1FC03E0201C0121FFF7A2FC31
:100B1000F7BDC0464800002007B5054B01220190F3
:100B200001A91868131CFFF70FFC01200EBDC04679
:100B30001C02002013B5054B6C4607341868211CB5
:100B40000122FFF749FC207816BDC0461C02002098
:100B500010B5074C201CFFF723FB031C0020834229
:100B600005D022684823FF33D05C0123184010BD14
:100B70001C02002010B5054A0C1C031C191C10682F
:100B80000123221CFFF7E0FB201C10BD1C020020EB
:100B900070B5084C061C201C0D1CFFF701FB002340
:100BA000984205D02068311C2A1CFFF715FC031C55
:100BB000181C70BD1C020020F8B50C4C051C201C34
:100BC0000E1CFFF7EDFA0023271C341C98420AD0B4
:100BD000002C07D0291C221C3868FFF7FDFB241AC3
:100BE0002D18F5E7331C181CF8BDC0461C02002068
:100BF00008B5031C081C111C9847024B64221A807C
:100C000008BDC0468C000020012805D1054B064ACE
:100C10001A60064B187004E0002802D1044A014B08
:100C20001A6070478C0200202816000094000020F3
:100C30007416000030B50A1C1C4985B00978031CE5
:100C400000292AD0042A01D1006804E0022A01D137
:100C5000008800E00078520004A98B180B3B9C1A16
:100C6000A3420BD00F210140092902D83025294386
:100C700000E0373119700009013BF1E701A9302389
:100C80000B7078234B700A208B1898700D20D87049
:100C9000074B04321B68D86803E005490968C86837
:100CA000191CFFF7A5FF05B030BDC0468800002025
:100CB0008C02002072B6EFF30883044A13600368C5
:100CC00083F30888436818477047C04690020020A5
:100CD000084B1A88002A03D01A88013A92B21A8067
:100CE000054B1A88002A03D01A88013A92B21A805A
:100CF0007047C0468C0000208A000020F0B591B0FB
:100D000008A9CC4A0B1C31CA31C351CA51C360CAAD
:100D100060C3C94BC9489A687A255203520F9200A2
:100D20005258C74902609C68A4B262430C60C5492E
:100D300000240A60C44A1460C44C2570C44CC54DDC
:100D40002368281C1B6940219847002802D0C24B09
:100D500064221A80C14B00221860C14B1D60C14B38
:100D6000C04DBE4F1A602A683B689A42E6D2BC4B1F
:100D70001B681A78FF2A00D114E2232A00D0EBE185
:100D8000B94E3378002B06D0B14BB8491B6802220C
:100D9000D868FFF72DFFAD4B1B78532B3CD13B6838
:100DA0002A6893421ED9AE4801322A609A1AB04B83
:100DB00001681B6801310160AE4E9A4201D2326077
:100DC00000E03360A04832680068049000F0DCFB6B
:100DD000336829685A182A60A14A1668F118116008
:100DE000A54A13702B68013B2B609D4B1A68013A92
:100DF0001A60A14B9E4A1B7811688B420AD2226866
:100E00009148C91A006892699047002802D0924B15
:100E100064221A80C0468DE1522B0AD18A48944A36
:100E20002368006811685B69039098476422934BBC
:100E30000DE04F2B05D1844B8D4A1B6812681A7048
:100E400078E1482B05D1804B894A1B6812681A80CB
:100E500070E1572B05D17C4B854A1B6812681A60DC
:100E600068E16F2B03D1784B0121186807E0682BEC
:100E700008D1754B7E481B6802211B880360FFF771
:100E8000D9FE57E1772B06D16F4B79481B680421B7
:100E90001B680360F3E7472B13D1754B1868FFF706
:100EA00009FF774B1B6883F3088862B6754B1B7884
:100EB000002B00D13EE1664B06201B681B6898475B
:100EC00038E1542B04D101233370614B1B6864E07B
:100ED0004E2B0CD13378002B06D15D4B63491B6838
:100EE0000222D868FFF784FE0023337022E1562BDC
:100EF00057D123686449D8680122FFF779FE236837
:100F00006249D8680322FFF773FE614D2368291CEC
:100F1000D8680122FFF76CFE23685E49D8680D226D
:100F2000FFF766FE2368291CD8680122FFF760FEE0
:100F30004B4F4C4D5849002339602B603A1C281CFC
:100F400013685E1C16601B780593002B03D00368A2
:100F500001330360F4E73E4E2A683368D868FFF730
:100F600047FE33684A49D8680122FFF741FE0599D8
:100F700029604A4939603A4A1368581C10601B7846
:100F8000002B04D0374B1A6801321A60F3E733683C
:100F90002A68D868FFF72CFE3368D86833490222E4
:100FA000C6E0334A582B17D1244E264D36681368B5
:100FB0002A68B10093420AD21F4D5808E8613848A8
:100FC00028801D4D287DC607FBD55B18F2E7204B16
:100FD00034491B68D868AAE0592B79D112681A4B9A
:100FE0003149002A02D11B680B606CE0124D086881
:100FF00019686B68104E8025AB4392087360002A15
:1010000061D02A4B0C4D2B800B4E337DDD07FBD579
:1010100000230A4D2D680195AD08AB4203D3244D42
:10102000054E358046E09342F9D09D004659013384
:101030004E51EEE708160000004000414402002037
:101040003C020020380200208802002034020020E8
:101050008C020020480200208A0000202C02002080
:1010600030020020400200208800002068160000A6
:101070009402002098020020280200208C0000200A
:101080009002002094000020441600006D1600001D
:101090004616000090160000481600005416000086
:1010A00002A5FFFF5D1600009000002044A5FFFF91
:1010B00004A5FFFF3F4E357DEE07FBD59D00491986
:1010C0004019D21A9BE73C4B3C491B68D8682EE07C
:1010D0005A2B2FD13A4B17681D680026EF19BD42D5
:1010E00006D02878311C00F013F90135061CF6E70C
:1010F000314B34491B680122D868FFF779FD07237B
:101100000F223240111C36093031092A00DD073127
:101110001820C0186A468154013BF1D2236806A901
:10112000D8680822FFF764FD23682749D86803229E
:10113000FFF75EFD254B7A221A70254B00221A60BC
:10114000244B1B7893422DD01B4B23491B68012253
:10115000D868FFF74DFD25E0111C3039C8B21C4B93
:10116000092804D81D682A01114319601AE0111CCE
:101170004139052903D81E68373A310106E0111CB0
:101180006139052904D81868573A01010A4308E073
:101190002C2A03D10A4A1968116001E00B490A7030
:1011A00000221A600D4B1A6801321A600C4B1A6843
:1011B0000132D5E5004000418C020020611600009C
:1011C0008802002065160000671600003402002027
:1011D00094020020880000206B16000040020020CE
:1011E0003002002010B51C4B01201A780324024362
:1011F0001A701A4B0F2219789143197019782143EC
:10120000197017490C782043087019780A401A7031
:101210001A7830210A431A70124B80211A6A0A4345
:101220001A62114B114A5A805A7852B2002AFBDBDB
:10123000C4220F480F499203FEF766FF0E4A0023AF
:1012400013700E4A13700E4A13700E4A13700E4A32
:1012500013700E4A137010BDD6440041BB440041C8
:10126000D744004100040040000C00401940000039
:10127000001C00422AF600009C02002023030020EC
:101280009D020020A0020020240300202103002052
:1012900008B5C1B20248FEF765FF012008BDC0468F
:1012A000001C0042024B187E4007C00F7047C0462A
:1012B000001C004208B5FFF7F5FF0028FBD00248EC
:1012C000FEF756FF08BDC046001C004208B5FFF7F8
:1012D000E9FF0023984205D0FFF7ECFF031C233BF6
:1012E0005A425341181C08BD70B5041C0D1C461809
:1012F000B44204D02078FFF7CBFF0134F8E7281C74
:1013000070BD10B5041CFFF7D5FF2070012010BD83
:101310000B0A5840034B4000C05A0902484080B2B3
:101320007047C0469E160000F7B50024051C0F1C30
:10133000261CBC4220D0FFF7BDFF114BC0B21B786A
:101340000190002B1AD1311CFFF7E2FF0D4B061C58
:101350001A88002A04D10C4A11782A1C002907D0C7
:1013600001996A1C2970802F02D1198801391980CE
:101370000134A4B2151CDCE7301C00E00120FEBDE6
:10138000210300209E02002022030020F0B53E4EE3
:1013900085B0002203900C1C32703C4B914201D16D
:1013A000012201E03A490C801A707F231C4201D0CF
:1013B00080349C43FFF77EFF3378C0B2002B07D008
:1013C00000253570FFF776FF3378C0B2AB4236D1D7
:1013D000432803D0712853D01528EBD10123009363
:1013E0000120FFF755FF0098FFF752FF0099802575
:1013F000C843C0B2FFF74CFF039B00270293244A67
:101400001388002B1DD1214901930978002918D197
:101410000198FFF73DFF391C0198FFF779FF013D67
:10142000071C002DEBD1000AC0B2FFF731FFF8B264
:10143000FFF72EFFFFF73EFF3378002B0AD0357001
:101440001FE00299013B09781380029B019101334F
:101450000293DDE7C0B2062807D1009B0399013350
:10146000DBB280310093803C0391002CB8D1042082
:10147000FFF70EFFFFF71EFF044B01251C7000E075
:101480000025281C05B0F0BD210300202203002008
:101490009E020020F0B5384C87B0002301902370E5
:1014A000994201D1012301E0344A1180344A642673
:1014B00013704320FFF7ECFE324FFFF7F3FE0028D6
:1014C00003D1002F03D0013FF7E7002F03D1013EE6
:1014D000002EEED14DE00125FFF7ECFE2378002B26
:1014E00038D1C0B20290012805D004283DD1062091
:1014F000FFF7CEFE39E005AE0221301CFFF714FFE6
:1015000001988021FFF710FF23780390002B18D15A
:10151000FFF7D0FE0702FFF7CDFEBFB223783F18DA
:10152000BFB2012B0DD0039B9F4207D13378AB4252
:1015300004D1EB437278DBB29A4204D01820FFF753
:10154000A7FE002303E00620FFF7A2FE029B2278FD
:10155000002A02D0002626700BE0012B05D1019A4B
:101560006B1C8032DDB20192B6E7054A002313708E
:101570000126301C07B0F0BD210300209E02002090
:101580002203002000350C0010B50023934203D045
:10159000CC5CC4540133F9E710BD031C821893429C
:1015A00002D019700133FAE770470023C25C01339F
:1015B000002AFBD1581E7047F8B5C046F8BC08BCDD
:1015C0009E467047F8B5C046F8BC08BC9E467047BA
:1015D0000403090441726475696E6F204C4C43002A
:1015E00041726475696E6F204E4F4E4120574C41D9
:1015F0004E0000001201000202000040412357008B
:1016000000020102000100000800000010000000BC
:1016100020000000400000008000000000010000E9
:10162000000200000004000091120000B51200004A
:10163000A5120000E9120000031300008D13000042
:10164000951400007600200041707220313920325C
:101650003031390031343A33383A343800580A0DD1
:1016600000590A0D005A00230A0D003E00322E30A8
:1016700000000000190B0000350B0000510B0000AA
:10168000750B0000910B0000750B0000B90B0000FA
:101690005B41726475696E6F3A58595A5D0000007B
:1016A0002110422063308440A550C660E770088155
:1016B00029914AA16BB18CC1ADD1CEE1EFF13112CC
:1016C000100273325222B5529442F772D6623993A5
:1016D00018837BB35AA3BDD39CC3FFF3DEE362241C
:1016E000433420040114E664C774A44485546AA5F5
:1016F0004BB528850995EEE5CFF5ACC58DD55336AC
:10170000722611163006D776F6669556B4465BB744
:101710007AA719973887DFF7FEE79DD7BCC7C4487B
:10172000E5588668A7784008611802282338CCC994
:10173000EDD98EE9AFF9488969990AA92BB9F55A0B
:10174000D44AB77A966A711A500A333A122AFDDBE4
:10175000DCCBBFFB9EEB799B588B3BBB1AABA66CDB
:10176000877CE44CC55C222C033C600C411CAEED34
:101770008FFDECCDCDDD2AAD0BBD688D499D977EEB
:10178000B66ED55EF44E133E322E511E700E9FFF84
:10179000BEEFDDDFFCCF1BBF3AAF599F788F88913A
:1017A000A981CAB1EBA10CD12DC14EF16FE180101E
:1017B000A100C230E3200450254046706760B98321
:1017C0009893FBA3DAB33DC31CD37FE35EF3B1026E
:1017D0009012F322D2323542145277625672EAB531
:1017E000CBA5A89589856EF54FE52CD50DC5E234BE
:1017F000C324A01481046674476424540544DBA701
:10180000FAB79987B8975FE77EF71DC73CD7D3260D
:10181000F2369106B01657667676154634564CD990
:101820006DC90EF92FE9C899E9898AB9ABA944585D
:10183000654806782768C018E1088238A3287DCB60
:101840005CDB3FEB1EFBF98BD89BBBAB9ABB754AAD
:10185000545A376A167AF10AD01AB32A923A2EFDF0
:101860000FED6CDD4DCDAABD8BADE89DC98D267CFD
:10187000076C645C454CA23C832CE01CC10C1FEF40
:101880003EFF5DCF7CDF9BAFBABFD98FF89F176E4D
:10189000367E554E745E932EB23ED10EF01E000081
:1018A0000000000001140000090243000201008052
:1018B00032090400000102020000052400100104A6
:1018C0002402000524060001052401000107058308
:1018D000030800FF09040100020A00000007058157
:1018E00002400000070502024000000000C20100A3
:1018F0000000080069000000410000000000000036
:10200000008000205D7700004577000045770000E4
:1020100000000000000000000000000000000000C0
:1020200000000000000000000000000045770000F4
:10203000000000000000000045770000B1770000BC
:1020400045770000457700004577000045770000A0
:10205000457700004577000045770000497700008C
:102060004577000045770000457700006D56000079
:102070005D560000393E00004D56000045770000D7
:102080004577000045770000457700004577000060
:10209000000000004577000045770000457700000C
:1020A0004577000045770000457700004577000040
:1020B0000000000010B5064C2378002B07D1054B1B
:1020C000002B02D0044800E000BF0123237010BDA4
:1020D0000803002000000000D8EF0000044B10B5FA
:1020E000002B03D00349044800E000BF10BDC046E8
:1020F000000000000C030020D8EF0000F8B50D0030
:102100000C1E1ED00468002C1BD0280009F0E6FA33
:10211000E6680700301E01D009F0E0FA874208D1D6
:1021200000239F420DD0E95CF25C914201D1013362
:10213000F7E70A22A35E002B02D01B01E418E2E7B6
:102140001C002000F8BD4A688B681032934204D20C
:1021500001230B74002318007047103B8B60002B89
:10216000F9D04268002A08D0991A09115181002239
:1021700043605A811A72DA60EDE70360F7E7031EE5
:1021800009D07F21027A0A40042A03D0052A01D00F
:10219000002000E018687047F0B5037889B00500AA
:1021A0000F002B2B2DD02D2B2CD101352C3B019347
:1021B0002B781A00303A092A02D92E2B00D0FAE0E7
:1021C000002000217D4E2B781C00303CE4B2092C0D
:1021D0001AD8B14224D802D1794B984220D8002392
:1021E0000A2206F087F8002302940393E3434A1C73
:1021F00001D1984214D8029B039C0135C01861415B
:10220000E1E701350023D2E7002B09D1019B002B28
:1022100020D080231B06994202D80CD100280AD076
:102220000024684EB14220D90A220023013406F06E
:1022300041F824B2F6E77F223B7A93431A000A233F
:1022400013433B72002342428B413A607B6001980A
:1022500009B0F0BD7F223B7A3860796093431A0061
:10226000082313433B72012354E02B781A00303AC1
:10227000092A03D8013424B20135F6E72E2B1AD1EE
:1022800001352E78303EF6B2092E14D84E4B9942C5
:10229000F6D802D14D4B9842F2D80A22002306F01C
:1022A00029F8002304960593013C049A059B24B267
:1022B00080185941E4E720232A789A430023452ACD
:1022C00044D16A782D2A27D1023501330A26029398
:1022D000B44600232E78303EF2B2092A32D8624644
:1022E00053439A22F3181E195200964228DD029A8F
:1022F0003B7A7F24002A15D0019A00200021002A71
:1023000001D080210906A3430C243860796023435F
:102310003B72029B01939AE72B2A01D00135D5E746
:102320000235D3E7019A0020002A07D028490C2261
:10233000A34313433B723860796094E72549F6E77D
:102340000135C7E7029A002A00D05B422A78002AAA
:1023500031D1E41805F0F8FF1F4E002C01DC1F4EB0
:1023600064420025002C14D001231C420DD0EB0048
:10237000F3181A685B68029006920793069A079B07
:1023800003910298039907F005FC01356410EDB242
:10239000E8E7019B002B02D080231B06C9187F228F
:1023A0003B7A93431A000C2313433B7202000B0049
:1023B0003A607B6057E70023ACE7C04699999919CA
:1023C00099999999FFFF0F00999901009899999906
:1023D0000000F0FF0000F07F50D7000008D7000099
:1023E000012313B50B4C009302213C22200002F084
:1023F0002FFD0949031E094800D0094905F04AF993
:10240000084B2000636102F011FD200002F0E2FFA2
:1024100013BDC0467803002098D70000B40E0020FA
:10242000B2D7000001000100F0B5162201250226F6
:102430003D4C3E4B85B063612000009202950196B1
:102440008023063A002102F00EF8092100271B2202
:1024500000912000491902950196392302F0ABF84A
:10246000334B34492361200005F003F9324B3349E3
:102470002361200005F001F93149200005F0F9F849
:10248000304B676123613049200005F0F6F82F4991
:10249000200005F0EEF82E4B2E492361234B20003F
:1024A000636105F0EAF82C49200005F0E2F81622F5
:1024B000390000922000029501968023113201F02C
:1024C000D2FF09213222009120004919029501967C
:1024D000392302F070F8214B21492361200005F0D7
:1024E000C8F8204B20492361200005F0C6F81449A4
:1024F000200005F0BEF81D4B676123611C492000D8
:1025000005F0BBF81149200005F0B3F8194B1A4942
:102510002361064B2000636105F0AFF80E492000EF
:1025200005F0A7F805B0F0BD780300200100010018
:1025300002001200B1D8000050001200FC0300207D
:10254000BED8000014001C005C030020C1D80000AD
:1025500050001C004A030020C6D8000002002900D9
:10256000CBD8000050002900E804002014003300FC
:10257000E204002050003300D00400200123F0B515
:10258000A7B03A4C0293DB1801932E33009310222C
:1025900050330021200001F066FF354E354D364B9B
:1025A000364F23617A696B693549666106A809F07F
:1025B00041F806A9200005F060F8324B324923614A
:1025C0002B6A1800059309F07FF8002833D1059B8A
:1025D0003A6A2E4906A809F02DF806A9200005F050
:1025E0004CF82B4B66612361AB691B78002B0BD138
:1025F00001330293013301930733009328222933D7
:102600004721200001F0D7FF1C4EAB69B269214978
:1026100006A809F00FF806A9200005F02EF81E4BB9
:10262000F1692361200005F028F8E969200005F030
:1026300024F827B0F0BD396A200005F01EF8002309
:102640006361013302930133019307330093200048
:1026500029331C22472101F0AEFF104B2A6A236167
:102660000F4906A808F0E6FFB7E7C0467803002048
:1026700001000100980000200200120074000020F8
:10268000FCD8000002001D0001D9000005D900009F
:10269000020029000CD900000200350048001D008E
:1026A00008D90000F0B5264B264C85B063610123A4
:1026B0000293DB1801932E33102200932000503335
:1026C000002101F0D0FE204F204B796823612000CB
:1026D00004F0D3FF1E4E2000716804F0CEFF1D4DA4
:1026E0002000696804F0C9FF1B4BB9682361200012
:1026F00004F0C3FFB168200004F0BFFFA968200008
:1027000004F0BBFF154BF9682361200004F0B5FF0E
:10271000F168200004F0B1FFE968200004F0ADFF8B
:102720000F4B39692361200004F0A7FF31692000B5
:1027300004F0A3FF2969200004F09FFF05B0F0BD5D
:102740000100010078030020740000200200140042
:1027500098000020BC00002002001F0002002B0097
:102760000200360010B5002802D1FFF75DFE10BD53
:10277000012802D1FFF702FFF9E7022802D1FFF793
:1027800091FFF4E7FFF750FE0249034804F08CFF85
:10279000EDE7C04622D80000B40E002010B5002896
:1027A0000ED105F013F8174C2368C01A164B984247
:1027B00005D90122154B1A7005F008F8206010BDEC
:1027C00001280AD105F002F80E4C2368C01A104BFC
:1027D0009842F4D90D4B0222EDE702280AD104F009
:1027E000F5FF084C2368C01A0A4B9842E7D9074BFB
:1027F0000022E0E70022054B074908481A7004F060
:1028000053FFDCE7000500203F1F000062030020AB
:102810006F1700009F0F00000CD80000B40E0020BE
:1028200070B5244C2378012B05D104F0CFFF224B47
:102830001860022323702378022B13D104F0C6FF03
:102840001D4D2B68C01A1D4B1A881E2353439842F6
:1028500008D30121082005F075FA04F0B7FF03231F
:10286000286023702378032B16D104F0AFFF124D9C
:102870002B68C01A114B1A881423534398420BD368
:102880000021082005F05EFA04F0A0FF00220C4BA6
:1028900028601A70042323702378042B09D104F0D4
:1028A00095FF054B1B68C01A064B984201D90023BF
:1028B000237070BDEE040020F00400203C000020D6
:1028C000F40400200F270000F8B5164D6B7B002B99
:1028D00012D00124144E154F33783C70002B04D1D4
:1028E00004F074FF124B34701860AC7B002C04D0E1
:1028F0000121092005F026FAF8BD04F067FF0C4B12
:102900001B68C01A0B4B1A88142353439842F3D305
:102910002100092005F016FA28003C70347002F0FE
:102920006BFEE9E7E403002009040020080400200E
:10293000040400203C00002010B50E2005F048F9EA
:102940000D4C0E4A23785B0098520F2005F040F999
:1029500023780B4A5B009852142005F039F923784C
:10296000084A5B009852152005F032F92378064A90
:102970005B00985210BDC046A80400205003002000
:102980003E030020D6040020C4040020F8B5070050
:102990000E0000240025A6420ADD6300F85E06F062
:1029A00089F9011C281C05F0A7FD0134051CF2E77C
:1029B000300006F07FF9011C281C05F037FFF8BD38
:1029C000F0B5484B85B01C7847482100FFF7DEFF83
:1029D0002100071C4548FFF7D9FF2100061C444889
:1029E000FFF7D4FF2100051C4248FFF7CFFF01226B
:1029F000414B041C1A704149381C06F029F8404923
:102A000006F026F83D49071C301C06F021F807F0B7
:102A100039FF00223B4B07F02FFBC0223A4BD20577
:102A200007F0B8F807F080FF3449061C281C06F0B0
:102A30000FF8364906F00CF83049051C201C06F04A
:102A400007F807F01FFF00222E4B07F015FBC022EE
:102A50002D4BD20507F09EF807F066FF311C041CD1
:102A6000381C05F0F5FF211C0290281C05F0F0FF32
:102A70000390381C07F006FF254B03220093022326
:102A800004F04CFE301C07F0FDFE224B03220093A5
:102A9000022304F043FE281C07F0F4FE1E4B032221
:102AA0000093022304F03AFE201C07F0EBFE1B4BC0
:102AB00003220093022304F031FE029807F0E2FEA5
:102AC000174B03220093022304F028FE039807F01B
:102AD000D9FE144B03220093022304F01FFE05B01D
:102AE000F0BDC046A8040020500300203E03002093
:102AF000D6040020C4040020A9040020EF33533B77
:102B00003333F7400000F83F66660340EC51D83F8E
:102B10005C0300204A030020E2040020D0040020CF
:102B2000FC030020E804002000B50C490C4B097898
:102B30000C4A95B09B7B927B02910B4905A80978C2
:102B400001910A49897B0091094908F073FD05A9A3
:102B5000084804F092FD15B000BDC04608040020EE
:102B60000C040020AC040020F4040020E403002046
:102B700013D90000B40E002000B5084B97B00193A4
:102B8000074B084A00930849084B02A808F052FD79
:102B900002A9074804F071FD17B000BDD004002061
:102BA000E20400205C030020D1D800004A0300208A
:102BB000B40E002070B5092413260A250121300027
:102BC00005F0C0F8280004F037FE0021300005F0C1
:102BD000B9F8013C280004F02FFE002CEED10121B1
:102BE000132005F0AFF870BD10B504002078002860
:102BF00004D008F00DFE20700134F7E710BD20224C
:102C000010B5037A13401A1E02D0FFF777FA0200BC
:102C1000100010BDF0B518308BB00D000492059374
:102C20000400FFF7ECFF002804D10023049A13707E
:102C30000BB0F0BD29002000FFF7E1FFFFF79FFA7E
:102C4000002409AF08AE0197009607AB06AA104909
:102C50000500069407940894099408F00BFD0428D5
:102C600009D00097330007AA0A49280008F002FD9E
:102C70000328DAD10694099B074A0293089B059919
:102C80000193079B04980093069B08F0A1FCCFE7F3
:102C90004AD9000059D9000065D90000F8B51830AC
:102CA0000E0015001F000400FFF7A9FF002814D034
:102CB00031002000FFF7A3FFFFF761FA3A0001009F
:102CC000280007F049FF064C0699200004F0D5FCC7
:102CD0002900200004F0E8FCF8BD2870FCE7C0469D
:102CE000B40E0020437C002B06D1C3685A1CC2607E
:102CF0001B78037401234374007C704710B50400F3
:102D00002000FFF7EFFF0A2807D8092809D200287A
:102D10000AD00123002023720AE00D2801D02028C8
:102D2000F7D100236374EBE7207A431E984101300A
:102D300010BD70B505000C00207800280CD02800CC
:102D4000FFF7D0FF002806D02378834205D1002367
:102D500001346B74F0E7022070BD0320FCE770B50E
:102D600004000D00FFF7BEFF0023A84201D16374E9
:102D70000133180070BD37B5C3B27F2804D80A6884
:102D8000501C0860137037BD00226C4622703F242F
:102D90006D462340803A134380096B7085B2C3B2FD
:102DA0001F2D0ED8403213436A4693706B4603338F
:102DB000013B18780028E6D00A68541C0C6010709B
:102DC000F6E76D46234000041343800DAB70C3B299
:102DD0000F2805DC202252421343EB7001ABE7E7DA
:102DE0001C40102380115B4218436B462243EA705B
:102DF00028710533DCE70000F7B505000026FFF772
:102E000071FF6E7401902800FFF76CFF0024019A97
:102E100003006C74824255D0A04201D10220FEBD55
:102E20005C284AD12800FFF75DFF0028F6D0264B2A
:102E3000752838D104276C742800FFF753FF002849
:102E4000ECD0402805D83038C0B20F2805D903206F
:102E5000E5E7202398433738F6E700232401013FB4
:102E60000443FFB2A4B26B749F42E5D1A0239B013F
:102E7000E318164A9BB2934202D8A405A60DC2E7F6
:102E800090239B01E3189BB22000934206D8802335
:102E90008005B402800D20435B02C0182900FFF7B3
:102EA0006AFFB0E702331A78002AD0D09042F9D1F5
:102EB0005B78002BCBD000226A742A68511C2960F1
:102EC0001370A0E72000AAE72EDC0000FF0300003B
:102ED00000232F2806D90133392803D95E2803D9C6
:102EE0007A2804D81800704700234028FAD9002314
:102EF0005A2282425B41DBB2F4E7F8B5DEB204004D
:102F00000F000525002E0CD000234374FFF7F6FEBA
:102F1000051E06D17D212000FFF721FF002838D0B3
:102F200000252800F8BD2000FFF766FF051EF8D138
:102F30002000FFF7E3FE051EF3D13A212000FFF742
:102F40000EFF002836D0236838001D706168FFF737
:102F5000D5F800283FD00100731E0022200000F0A9
:102F60004FF8051EDDD12000FFF7C8FE051ED8D1A1
:102F70007D212000FFF7F3FE0028D1D12C21200075
:102F8000FFF7EDFE002815D02000FFF7B7FE051E65
:102F9000C7D1236820006360FFF7A4FE2728C2D0B2
:102FA0002228C0D02000FFF79DFE0500FFF790FF0C
:102FB000002801D10325B4E70023637423682000AF
:102FC0005A1C22601D70FFF78DFE0500FFF780FF81
:102FD0000028F1D1ACE723681870236861690133D8
:102FE000236038006568FFF7AEF8002805D07F221F
:102FF000037AC56013400372ADE7042591E7000032
:10300000F7B504000E001F1CFFF778FE051E0190A7
:103010006AD12000FFF766FE662800D185E01ED841
:10302000272804D05B2823D0222800D087E02368FB
:1030300020006360FFF7E0FE051E55D17F21236865
:103040001870236860685A1C2260327A1B1A8A43FF
:10305000110004220A4332723060736044E0742825
:1030600055D07B2842D06E2800D068E04C4958E00B
:103070007F22337AFFB293431A0040231343356013
:10308000756033720525002F2ED06B461B7920000A
:103090006374FFF733FE051E26D15D212000FFF784
:1030A0005EFE002800D075E061693000FFF74BF844
:1030B000011E00D172E07B1E00222000FFF7A0FF5E
:1030C000051E11D12000FFF719FE051E0CD15D2150
:1030D0002000FFF744FE00285CD12C212000FFF7E0
:1030E0003EFE0028E0D103252800FEBD7F22337A72
:1030F000356093431A0020231343337275603B1CE1
:10310000002231002000FFF7F8FE0500ECE77F22E7
:10311000337A244993431A0006231343337201235D
:1031200033702000FFF705FEEFE77F22337A35701A
:1031300093431A000623134333721B49F1E720001F
:10314000FFF7D0FD00252027EBB22F280CD9392816
:103150000CD80135402D1FD0002363746319D87536
:103160002000FFF7BFFDEFE72B28F2D002002D3A39
:10317000D2B2012AEDD90200BA43D2B2452AE8D030
:1031800000222000E3181A7618303100FFF704F807
:103190000028A8D00025A7E73F23F1E70425A3E7EF
:1031A00029DC00001EDC000023DC00001FB5042227
:1031B000144B01211A60002206205960DA73124B69
:1031C0005960DA731860114B013818601048596063
:1031D000DA7302F016FA0F4802F013FA0E4B0F4C96
:1031E0000293019301235B42009340220C4B802108
:1031F000200001F003FD0B4A0B49200004F094FE6F
:103200001FBDC046AC0400200C040020E4030020D5
:10321000A0040020F8040020A0860100780300200C
:103220007C05002000000020614C000030B5012525
:1032300085B0124B029500229B5E114C0193114BFD
:10324000002100229B5E2000142200930E4B01F00F
:1032500018FA200002F0BEF8FA20800004F0ECFA20
:103260002900200001F04BFDFA20A84004F0E4FA08
:103270000021200001F043FD05B030BD34000020E6
:1032800078030020380000207ED9000070B5254C5E
:103290008AB0200001F0CAFD0121200001F043FCAA
:1032A0000021012361610293DB1801930A3300932B
:1032B0000A007433200001F07EF91B4B1B4E236182
:1032C0003378002B19D11A4A1A491B4B126804A8EB
:1032D00008F0B0F904A9200004F0CFF9174D2878C0
:1032E000FFF75CFA3378042B02D02878FFF73AFA1C
:1032F000200002F06FF80AB070BD1149022B0CD00B
:103300001049032B09D01049042B06D10F49200086
:1033100004F0AFF9FFF78AFFE0E7200004F0A9F915
:10332000DCE7C0467803002002000200EE04002023
:1033300098000020C7D70000C1D70000620300201A
:10334000D5D70000E5D70000FED70000F3D7000076
:1033500070B5564C564EA5445649300004F08DF9D0
:1033600004F034FA4AAC54AB2A224A93636086AB29
:10337000A360E36000230500FF326A442374D3771F
:1033800004F024FA4C4B401B98423BD8300003F029
:1033900059FE0028F4DD18ADC8232A000A213000A8
:1033A00004F0A3F90023EA5C01337D2A00D079E020
:1033B0000022EA54414E18AD4149300004F059F959
:1033C0002900300004F059F93E49300004F062F958
:1033D0002A217F20FF3169444A9BCA7F6360E368EA
:1033E0008243CA77A3606A46002350A913745376B8
:1033F0002374039300220A2302A8029505950794DB
:10340000FFF7FEFD304B314D00932A682000142356
:103410002F49FFF743FC2F4B200000936A681423C9
:103420002D49FFF73BFC2D4B20000093AA68142385
:103430002B49FFF733FC2B4B20000093EA68142341
:103440002949FFF72BFC294B200000932A691423FC
:103450002749FFF723FC274B200000936A691423B8
:103460002549FFF7D7FB254B20000093AA691423B9
:103470002349FFF713FC234B20000093EA69142330
:103480002149FFF70BFC214B214900932A6A1423A1
:103490002000FFF703FCE869FFF7A6FB86239B00EB
:1034A0009D4470BDC82B00D07DE783E7E8FDFFFF9A
:1034B000B807002040D80000E7030000B40E002049
:1034C000A2D80000AED800003EDC0000980000202A
:1034D00045D800004FD800004AD800005AD8000054
:1034E00056D8000064D8000060D800006FD80000F3
:1034F0006AD800007DD8000076D8000087D8000088
:1035000084D8000090D800008CD800009BD8000020
:1035100096D8000070B5294D2949280002F033F8EB
:10352000284C2749200002F02EF82549264802F0B1
:103530002AF86B7B002B02D1637B002B0AD001237E
:10354000224A28001370224A137002F055F8200016
:1035500002F052F8FFF764F9FFF7B6F9FA211D48B7
:10356000090102F052F8002801D0FFF7F1FE04F043
:103570002DF9194D194C2B68C01AC72807D904F02A
:1035800025F92860FFF7D8F92378013323702378D1
:10359000052B0AD9FFF714FAFFF7EEFAFFF7C4FA82
:1035A0000F4804F06FF800232370C8210D4802F083
:1035B0002CF8002801D0FFF769FE70BDAC04002094
:1035C000B80B00000C040020E4030020F4040020E9
:1035D000EE040020A004002038040020A8040020ED
:1035E000B40E0020F804002070B5E1253F4C6D02B8
:1035F0002900200002F0AEFB29003D4803F01AFD2F
:103600003C4804F019F93C49200004F032F83B49E9
:10361000200004F032F83A49200004F045F8394D12
:10362000280000F06DFA0121082004F03FFB012181
:10363000092004F03BFB0121072004F037FB0021A7
:10364000042004F07FFB0021052004F07BFB002117
:10365000062004F077FB0021082004F073FB002112
:10366000092004F06FFB0121072004F06BFBFA2016
:10367000800004F0E1F80221122004F017FB012180
:10368000132004F013FB2049200004F003F8FFF797
:1036900091FA642004F0D0F81C49200003F0FAFFEE
:1036A000280000F0FFF92800194900F01BFA280053
:1036B000322104F018F81749200003F0F5FFFEF757
:1036C0008FFEFFF7B3FD144801F034FF134801F0FB
:1036D00031FF134801F02EFF04F078F8114B124926
:1036E0001860200003F0D6FF70BDC046B40E002065
:1036F000B8070020C40900003FDC000052DC0000D5
:10370000C1D700007C05002057DC000066DC00000B
:10371000A086010071DC0000AC0400200C04002035
:10372000E4030020000500207FDC000070B50600E7
:103730000C008D18AC4207D0336821789B683000AC
:10374000984720700134F5E770BD7047704710B599
:103750000400406802F098F80023237610BD10B5ED
:10376000406802F0B6F810BDF8B5050040680C00DE
:1037700002F0AAF82B68E7B2260A9B68012810D14C
:1037800039002800FF2798472B68BC4304439B68F7
:10379000310028009847030220003840184380B2C7
:1037A000F8BD310028009847FF262B6800023440FE
:1037B00004439B68390028009847B4432043EEE750
:1037C00010B5040004F082F8200010BD10B54B1CA9
:1037D0000BD0102909D0EFF3108472B6102905DD43
:1037E00002234376002C00D162B610BD0123427E35
:1037F0001A43427618224A430449891816228A56E7
:103800009340C2691343C361ECE7C04694E70000EC
:103810004B1C17D0102915D0437E9B0712D4EFF311
:10382000108272B618234B430749C9180123897DBA
:1038300049B28B40C1699943C16100D14176002AE8
:1038400000D162B67047C04694E70000437E002B6B
:1038500005D09A0704D5837E002B00D062B670474E
:10386000DB07FCD5C369024A9BB2D360F7E7C046C9
:1038700000180040037E002B04D143768376C36199
:1038800001330376704700007FB5036902AE040080
:103890000D00029172608B4203D1828AB3889A42F2
:1038A00026D0200006223100103007F055F960685C
:1038B00002F001F87379E17A013B581E8341227BC3
:1038C00000936068002302F093F933790021013BF3
:1038D000DBB2022B01D8074AD15C074B2A009D427C
:1038E00000D91A00606801F0B7FF606801F0D9FFE5
:1038F0007FBDC0468CDC0000001BB70070B51826E9
:103900000400FFF7B7FF33000821207A0D4D434331
:10391000EB18595604F05AFA33000821A07A4343B1
:10392000EB18595604F052FA0821607A4643AD1953
:10393000695604F04BFA044B200006CBFFF7A4FFB6
:1039400070BDC04694E700007405002007B5437EB3
:1039500000910192002B07D09A070AD5EFF310834C
:103960005A425341837672B60099019AFFF78CFF51
:1039700007BDDB07F8D5C369014A9BB29360F3E743
:1039800000180040F7B500240125194B194A5D7154
:103990001A601C71184B1948083301930360184BC7
:1039A000184F4360184B194E03810D233A00310024
:1039B00045750461047583720A3B0476C47203730F
:1039C00004F0B2FA1248134B019A4360124B45754A
:1039D000038119233100026004613A000475837287
:1039E000163B05730476C37204F09EFAF7BDC04619
:1039F0007405002000093D0090DC00003405002023
:103A00008C0E0020000000200C0B00004D37000041
:103A100054050020940E0020171600000020704767
:103A200010B503689C6B0123A04710BD8C230022B6
:103A30009B00C154103BC3185A609A60DA6001239E
:103A40008375704710B5036801211B6B984710BD43
:103A5000F8B505000E0017000024BC4208D02B6802
:103A6000315D1B6828009847002801D00134F4E735
:103A70002000F8BDFC30406A704770478E239B00E1
:103A8000C15070478D239B00C15070470300FC3329
:103A90005A6A002A03D01B6AC018007E70470120B2
:103AA0004042FBE770B5060018250C49006902F09A
:103AB000E9F8306901F027FF2B000821307D084C20
:103AC0004343E318595604F081F90821707D4543BA
:103AD0006419615604F07AF970BDC046A0860100F1
:103AE00094E7000070B504000D00006901F020FFAC
:103AF0002900206902F0C6F8206901F004FF70BDBA
:103B000010B5006901F014FF10BD0000F7B5019376
:103B1000FA238026002504009B008360134B760067
:103B200008330F004560290000920360320018300E
:103B300007F02EF823002000FC332530DD61320031
:103B40001D6229005D62FF3007F022F888239B0088
:103B5000E3185D609D60DD606B461B78276123750F
:103B60006B461B79A57520006375FEBDCCDC00009B
:103B700070B506001825006902F05FF8306901F0A1
:103B8000C2FE2B000821307D064C4343E3185956F2
:103B900004F01CF90821707D45436419615604F056
:103BA00015F970BD94E7000010B50022FFF7E0FFA3
:103BB00010BD0300802210B5FC33DC685200944233
:103BC00008D05A6881545A680132D2B25A60DA6811
:103BD0000132DA6010BDF7B50400171E019302D15F
:103BE00000252800FEBD03000022FC33DA611A62C2
:103BF0005A620069013201F0CDFE061EF0D02300AA
:103C000020691833009301F058FF01000098FFF776
:103C1000D0FF01252069BD4214D001F02CFF0028FF
:103C20000FD0206901F096FE0221206901F09CFE70
:103C3000206901F042FF01000098FFF7BAFF01354B
:103C4000E8E70600206901F07DFE019B002B06D00D
:103C5000002E06D00321206901F086FEC1E7002E68
:103C6000BFD1013DBDE7002310B5827D9A420CD043
:103C7000882292008218D46880225200944204D094
:103C80002530FF30FFF795FF0123180010BD03001A
:103C9000FC33DA68002A09D09A68805C9A6801329D
:103CA000D2B29A60DA68013ADA6070470120404285
:103CB000FBE700228C2370B59B00827504000E0088
:103CC000C15C006901F066FE002806D1032120696D
:103CD00001F04AFE0225280070BD88239B00E318EE
:103CE000DD68002D11D020002530FF302569FFF759
:103CF000CEFFC1B2280001F08FFE0028EDD10321D4
:103D0000206901F031FE0325E5E7002EE3D0032111
:103D1000206901F029FEDEE710B51830FFF7B7FF84
:103D200010BD70B50400006901F09CFE002815D09C
:103D3000206901F0AEFE002811D0206901F00AFED2
:103D40000321206901F010FE8E239B00E558002D11
:103D500035D10023FC34E3612362636270BD2069C6
:103D600001F0A1FE002809D0206901F097FE00288B
:103D700004D0206901F09CFE0028DED0206901F00B
:103D800092FE002821D1206901F07EFE0028E5D0B6
:103D9000206901F08DFE002833D088239B00E318B2
:103DA000DB68FF21002B05D020002530FF30FFF716
:103DB0006EFFC1B2206901F047FEA075CEE723680F
:103DC00020001B699847A847C3E7206901F0C2FD9E
:103DD0002069032101F0C8FD206901F069FE002877
:103DE000BCD0882300229B00E3185A609A60DA60F6
:103DF0000123A3758D239B00E3589342AED09847CF
:103E0000ACE72300FC335A6A802320695B009A42A6
:103E100006D101F097FD0321206901F0A5FD9DE782
:103E200001F04BFE010020001830FFF7C2FE2069B0
:103E300001F090FDEFE7000010B50248FFF771FFB9
:103E400010BDC0467C05002010B513231222024984
:103E50000248FFF75BFE10BDA40E00207C05002089
:103E60007047F0B51D0089B00EAB00241C5F0FAB8E
:103E70001B8816000693A31ADA179B185340029367
:103E80006B1ADA179B1853400393039A029B019015
:103E9000934205DC23002C001D0033000E001900A6
:103EA000A64205DC2B000D001900230034001E0083
:103EB000331B9BB204934B1BDA179B185340079399
:103EC0006B4610229A5ED30F9B185B100093012360
:103ED0008D4221DA0593B44224DC019B039A1B68CE
:103EE0009B691F00029B934218DD22002900069B5C
:103EF0000198B847009B079A9B1A9BB21AB200928E
:103F0000002A06DA059AAD18049A2DB2D3181BB20E
:103F10000093013424B2DEE75B42DBE7069B2A0014
:103F20002100E5E709B0F0BD704710B504682469C9
:103F3000A04710BD37B506AC258804680095A46B72
:103F4000A04737BD37B506AC258804680095E46BFB
:103F5000A04737BD73B506AC0025655F07AC268862
:103F6000046801960095246CA04773BDF0B5160057
:103F700004000D0085B003930AAB1F8803685B69DA
:103F80009847039B2268013B9B191BB20093019742
:103F9000976A2B00320029002000B84723682000D0
:103FA000DB6A984705B0F0BDF0B505001C000E00B7
:103FB000170085B00AAB1B88013C03930368A41962
:103FC0005B69984703992A680191009723B23100F1
:103FD000946A28003A00A0472B682800DB6A9847BB
:103FE00005B0F0BDF0B50E0087B003930CAB0292A4
:103FF00000229B5E050004930DAB1B8834000593E3
:1040000003685B699847039A2B68B21894420ADAEE
:10401000059A210000921F6A029A049B280001342D
:10402000B84724B2EFE7DB6A2800984707B0F0BD35
:1040300013B501910E24015F0C22835E026800918A
:10404000146C00221100A04713BDF0B50400150048
:104050000E0087B004930CAB00229B5E05930DAB62
:104060001B88039303685B699847039A236800924F
:104070005F6A2A00049B31002000B847059B039922
:104080005A1E2368009152195F6A3100049B200078
:1040900012B2B847039A236800921F6A2A00059B50
:1040A00031002000B8470499039A2368013900922F
:1040B000891909B21F6A2A00059B2000B8472368A6
:1040C0002000DB6A984707B0F0BD7047F0B585B0B7
:1040D0001E000AAB0027DF5F0BAB1B881400050036
:1040E000029103930268B14210D1BC4202DC3B0052
:1040F00027001C00039901340091E31B966B1BB24F
:104100003A0002992800B04705B0F0BDBC4211D179
:10411000029BB34202DC3300029E0293029B03998E
:10412000013300919B1BD76B1BB22200310028008A
:10413000B847E9E753699847039A2B6801920097BB
:104140009F6A2800330022000299B8472B68280094
:10415000DB6A9847D8E70323194010B50822835E2D
:1041600081760A24025F012904D0032902D08381C9
:10417000C28110BD8281C381FBE700004281C28100
:104180000122524242610222002310B5FF32074C45
:104190000283013A0834FF3A43600460018181815F
:1041A00003618376C2760377036210BD1CE20000D0
:1041B000F0B58BB0019310AB1B780592069311AB51
:1041C0001B88012202936B469B880400D21A5B0075
:1041D0005B421BB20993002312B20491039207932E
:1041E000079B019A934200DB9AE0039B002B0CDBB8
:1041F0001300013B1BB20193099B02339BB21AB21D
:104200000992039A9B181BB20393079D0135ABB229
:1042100000936B4600229B5E039A0793009B5B0012
:1042200001339B1804221BB20393069B13421AD03E
:104230006B461D8A9F889E8A009BF219E9182368A5
:1042400012B29B69089509B21D002000029BA84785
:10425000009B2000F618089B32B2DD19236829B2B2
:104260009F69029BB8470222069B13421AD06B46F5
:104270001D8A9F889E8A009BF21BE918236812B250
:104280009B69089509B21D002000029BA847009B6E
:104290002000F21A089B12B2DD19236829B29F6927
:1042A000029BB847069B1B071AD56B461D8A9F8A3F
:1042B0009E88009BA91BFA18236812B29B69089577
:1042C00009B21D002000029BA847009B0899F6191F
:1042D000C91A236832B29F6909B2029B2000B8470D
:1042E000069BDB0700D47BE76B461D8A9F8A9E886E
:1042F000009BA91BFA1A236808959B6920001D00E2
:1043000012B2029B09B2A847009B0899BE1BCD1AA6
:10431000236832B29F6929B2029B2000B8475FE749
:104320000BB0F0BDF0B51C008FB00692012214ABAB
:104330001B780591079316AB1B8805000893A3B261
:10434000D11A93405B421BB20C9315AB1B8809B288
:1043500009939B189BB20B930023039104930D9236
:10436000049BA3427DDA039B0294002B0BDB631EAC
:104370001BB202930C9B02339BB21AB20C92039AAB
:104380009B181BB20393049E039A0136B6B233B254
:10439000049373009BB20A9301339B181BB20393DF
:1043A000049A029B93422BDB079B0D9A134211D078
:1043B0006B461A890B995300CB180699089F8A1AE5
:1043C0000599286871180097076A1BB212B209B2E2
:1043D0002800B8470222079B134211D06B461A8966
:1043E0000B995300CB180699089F8A1A05992868DB
:1043F000891B0097076A1BB212B209B22800B8479E
:10440000029B9C422BD0079B0D9A134211D0099B13
:104410000A9A013BD318069A089F05992868013229
:10442000921B09190097076A1BB212B209B2280041
:10443000B8470222079B134211D0099B0A9A013BFD
:104440000599D318069A091B089C28680132921B0B
:104450000094076A1BB212B209B22800B847029C46
:104460007EE70FB0F0BDF0B58DB01F0012AB1500A8
:1044700000229B5E0B91079313AB0021595E14AB96
:104480001B88040003936B469A8B079BBB4200DD9D
:104490003A1C12B2D30F9B185B101E1C8B4200DD1E
:1044A0000E1C33B20593236820005B6998476B4666
:1044B0009B8DB2B20893B3B20693089B76009B180B
:1044C0001BB20493BBB20993B3B20A930A9A099B35
:1044D00004999E1A039A2368009236B25F6A2A00F2
:1044E00033002000B8476B46ADB29F8B6B1EFB18A4
:1044F0009BB207936B4603991C229A5E2368009136
:104500005B6A04999C46200033006646B047069BD0
:10451000039A5D190A9B2DB2FE1A2368009236B2E7
:104520001F6A2A0033000B992000B847089B039AA2
:104530005F1E099B0092DF192368BFB21B6A39B264
:104540009C462A00330020006646B047039B2A00A1
:1045500001930123049900932000059BFFF728FE97
:10456000069B2A00FE1A039B36B2019302233100F8
:1045700000932000059BFFF71BFE079B069A310066
:104580009D1A039B2DB2019304232A00009320005F
:10459000059BFFF70DFE039B2A0001930823049956
:1045A00000932000059BFFF703FE23682000DB6AD1
:1045B00098470DB0F0BDF0B58DB01E0012AB0B9258
:1045C00000229B5E0F00059313AB0021595E14ABD4
:1045D0001B88040006936B469A8A059BB34200DD54
:1045E000321C12B2D30F9B185B101D1C8B4200DDD6
:1045F0000D1C2BB20A93236820005B699847BBB25D
:1046000007930699ABB20893079B0191AAB205994B
:104610006D009F182268B3B2AEB200913FB2099309
:104620009B1BD56939000B9A20001BB2A847089A3A
:104630000B9B944663441DB2059B2000013B9E1BCF
:10464000079B36B2591E099B01965918069B891A79
:10465000029301232A00009309B20A9BFFF762FE2E
:10466000069B2A00029302233900009320000A9B34
:104670000196FFF757FE23682000DB6A98470DB0CC
:10468000F0BDF0B58DB0089312AB039200229B5E93
:104690000791049313AB00229B5E0400099314ABB3
:1046A0001B880A9303685B6998470722049B039F52
:1046B000D91DCB1713405B18DB10059300231D0099
:1046C00001930B92039ABBB206939B1A099A1BB2F1
:1046D0009A422BDD0023049A93421EDA9AB2029288
:1046E0000B9A6D0099B2EDB2114204D1089A01996A
:1046F000DB105218D55C6BB2002B0ADA079B029ACA
:104700002000D118236809B29B693A001E000A9B59
:10471000B047029E013633B2DDE7059A019B94460D
:10472000069F6344013701933FB2CBE72368200023
:10473000DB6A98470DB0F0BDF0B595B01D001AAB1F
:104740001B88040005931BAB1E881CAB1B780891CB
:1047500003931DAB1B7804920293036A002B00D0D5
:10476000C4E00C22835E8B4200DC7DE00E22835E7F
:10477000049A934278DD0623039A53435B18002B77
:1047800072DD029B049ADB009B18002B6CDD037F1B
:10479000002B03D1AF2D01D90135EDB223682000E4
:1047A0005B69984705235D430B9300230793984B60
:1047B0005B190F93079A0F9B9B5C0A936B469B8B2D
:1047C00009936B469B890D936B460D9A1F8C099B31
:1047D0005343FB181BB20E9308230C93002306933C
:1047E00001220A9B2068134252D06B461A8B198A09
:1047F000039B012B3AD1029B012B37D1099B521805
:104800008569D919059B12B209B22000A847069BF9
:1048100001335BB206930A9B5B080A930C9B013B36
:10482000DBB20C93002BDBD1079B01335BB2079308
:104830000B9B013BDBB20B93002BBBD1059BB3421F
:104840000ED0039B2268012B3FD1029B012B3CD150
:1048500005370096156A39B20733049A2000A84735
:1048600023682000DB6A984715B0F0BD6B460C2525
:104870005B5F029D6A438A18059912B201916946ED
:104880000825495F0091C5690E992000A847BEE739
:10489000059BB342BBD06B46198B1A8A039B012B35
:1048A0000AD1029B012B07D1099B5218D91912B2C8
:1048B00009B285693300A8E76B460C255B5F029D52
:1048C00001966943521812B2D9E76B460C215B5E20
:1048D00005210D980196414302987918C000009077
:1048E000D56909B2049A2000A847B9E71A7AAD1A27
:1048F000EDB25A68ED001B68551913932B88099384
:10490000AB780D93EB7811930523EB560E930623AA
:10491000EB560F93039B012B02D8029B012B56D918
:104920006B4638229B5E0B936B463C229B5E0C933E
:104930000027236820005B69984707970697119B1B
:10494000069A9A4200D38BE76B461B8A00260A938D
:104950000C9B9B18029A53430A9AD3181BB21093CC
:104960003B000D9A96424BD25A1CD2B212920722A9
:10497000134207D1099B0999139A0133525C9BB2E8
:10498000079209936B461B7F5BB2002B17DA6B46CD
:10499000198C039B2068012B1DD1029B012B1AD17E
:1049A0000A9B0F9A9A18069BD2180E9B12B2C9182E
:1049B000836989191D0009B2059B2000A847079B40
:1049C00001365B00DBB20793F6B2129BC9E7002306
:1049D0000C930B93ACE76B460C229B5E0B9A039DEA
:1049E00092196A438918059A09B201926A46082504
:1049F000525F0092C26920001500109AA847DEE7B6
:104A0000069D0D9B0135FF18EBB2FFB2069396E7AA
:104A10001CDD0000F0B5026A85B004000B00002A1E
:104A200034D10A2908D1437E0282DB00628A9B18B6
:104A30006382012005B0F0BD0D29FAD0E17E007E31
:104A4000657E00290ED01026A15F062646438919EF
:104A50000C27E65FB14205DD1226A15F2282EA0043
:104A6000521862820290E08A1221625E0190A08A4E
:104A70001026A15F009003952000FFF75DFE06223F
:104A8000237E5343228A9B182382D2E70A2905D129
:104A900000230382127B437E5343C7E70D29C8D00E
:104AA000117A8B42C5D3907A9842C2D3591AC9B2AF
:104AB0005068C9004518AF78002F28D0E978002940
:104AC00025D0E17E207E667E002913D0052169561F
:104AD000C91941438C461021675EBC440C21675EB6
:104AE000BC4507DD1227E15F00272782127B724356
:104AF000521862820290E08A1221625E0190A08ABE
:104B00001027E15F009003962000FFF715FE2B7938
:104B1000227EB6E7002900D101310176002A00D1BA
:104B200001324276704710B50A00FFF7F3FF10BD5F
:104B3000F0B500291BDB0C25445F8C4217DD002AF1
:104B400015DB0E25445F944211DD847E022C0FD0CC
:104B5000032C16D0012C04D1D2430489A4180A00D6
:104B600021B2012B13D0002B22D0022B32D0F0BD6A
:104B70000489013C611AD443428909B2121912B264
:104B8000EFE74489013C641A110022B2E9E70725E6
:104B9000D4172C40A4182A4093400827C65FE4107D
:104BA00074436118C46A61180A7813430B70DEE716
:104BB0000724D31723409B180826855FDB106B431F
:104BC0005918C36A22405918012393401A000B78E0
:104BD0009343EBE70724D31723400826855F9B18F0
:104BE000DB106B435918C36A012022409040020039
:104BF00059180B785A400A70B9E7000070B50025C3
:104C000004001E0012B204AB09B25D57FFF7B6FAFA
:104C1000104B08332360002363629E4200D10E4E86
:104C20002100FF223331A662E3620A704A708A7063
:104C3000CA70220037321570059A2000A265069AC4
:104C4000E265064A626622006432137101235371E1
:104C500070BDC04614E700007C05002000093D003F
:104C6000054B10B5083304000360C06A002801D06A
:104C700005F056FF200010BD14E70000F8B5040051
:104C8000806A0D00002814D023003033197803689F
:104C9000DB6A9847A06A002103681B689847A06AEE
:104CA000290003681B689847A06A03685B6B9847F4
:104CB000F8BD226C216D1368606A8B431360002875
:104CC00004D0036829009B689847F1E708218020F9
:104CD000E36BA26BA76C166828420ED03E431660A9
:104CE0001E68E76C01393E431E601E68E76C400891
:104CF000BE431E600029EDD1DAE7BE43EFE770B591
:104D00000400806A0D00002812D00368A16D9B6A20
:104D1000984729004D1EA9412000A631FFF7AEFF9C
:104D2000A06A002812D00368E16D9B6A984770BDA5
:104D3000606A002804D00368616EDB69A26E984740
:104D4000626C616D13688B431360E2E7626C616DA6
:104D50001368606A0B4313600028E8D003681B6A7D
:104D60009847E4E7F7B50400806A8B180D000193BB
:104D700000282BD02700036830373978DB6A984742
:104D8000A06A0021036801261B689847A06A019A5F
:104D90000368954217D0FE2E0CD95B6B9847A06A2A
:104DA000397803680126DB6A9847A06A0021036806
:104DB0001B689847A06A2978036801361B689847E2
:104DC000B6B20135E2E75B6B9847F7BD226C216D07
:104DD00013688B431360019BAB42F6D02B78606A5B
:104DE0000093002805D0036800999B689847013517
:104DF000F1E708208026E36BA26BA76C0099BC4604
:104E000017680E420FD061460F4317601F68E16CB0
:104E100001380F431F601F68E16C76088F431F60E5
:104E20000028EAD1E3E761468F43EEE7072110B59A
:104E30000A22835E0733DA170A40D2180821435E3C
:104E4000D2105A43C06A002105F0A2FE10BD000036
:104E5000F0B587B004930CAB1B7804000593C36ACC
:104E60000E001500002B1BD02000FFF7DFFF0A23E8
:104E7000E25E0823E15E202A25DC203AD30F9A184F
:104E80000B00733BD90FC918012302931F33521033
:104E9000491001935333009312B209B2B04B24E08E
:104EA0000A22835E07220733D8171040C018082251
:104EB000A35EC010584305F029FEE062031ED3D163
:104EC000180007B0F0BD403AD30F9A180B00523BC0
:104ED000D90FC918012302933F33019312335210A3
:104EE000491000939F4B12B209B22000FFF7C9FB93
:104EF000230031331E70A06A002800D19CE0002DF1
:104F000000D097E00A23E55E203D6B1E9D413C35B5
:104F1000230030331D70059B002B00D11BE103687B
:104F2000DB699847049B002B1BD0250000203735F8
:104F30002856002815DBC0B2012102F0B7FE01217E
:104F4000287802F0FFFE012002F076FC002128788C
:104F500002F0F8FE0A2002F06FFC2878012102F02E
:104F6000F1FEA06A002800D1CBE00368A16D9B6A26
:104F7000984704227C492000FFF7F4FE6189200055
:104F80000139C9B2FFF77AFE2500784904222000D2
:104F9000FFF7E8FE00233135EB561421012B00D139
:104FA00004392000FFF76AFE260004227049200021
:104FB000FFF7D8FE8F2360363370A3686D4A02274F
:104FC00093420BD06C4A934200D0A8E00022AA562C
:104FD000CF23012A00D1303B12273370DA21200081
:104FE000FFF74CFE39002000FFF748FE812120002A
:104FF000FFF744FE31782000FFF740FED921200062
:10500000FFF73CFE0023EB56F121012B00D1CF39F5
:105010002000FFF733FE200006225849FFF7A2FECA
:10502000A06A002800D188E00368E16D9B6A984778
:10503000012345E76DB26BE7250027003535287859
:105040000121363702F032FE3878012102F02EFEBF
:10505000002318210126EB56494D4B435A57494826
:10506000D201121822643200EB185B689A400023C8
:105070002265FB564B435A574349D2015118121827
:1050800062643200EB185B68606A9A4013006265E4
:105090000A6913430B61002806D0059B002B00D141
:1050A00040E70368DB6A3CE7270033373100387894
:1050B00002F0FCFD2300343305931878310002F030
:1050C000F5FD00231821FB562E484B435A57EB1889
:1050D000D2011218A26332005B689A40059BA26459
:1050E0001B785BB24B435A57ED186B6826499E40BC
:1050F000D2015118E6640B691218B343E2630B61E5
:1051000010E7606A002804D00368616EDB69A26E54
:105110009847626C616D13688B43136029E71B4AE3
:105120000227934200D059E70022AA56AF23012A52
:1051300000D19F3B3370022750E7626C616D1368AA
:10514000606A0B4313600123002800D1B8E60368AE
:105150001B6A98476CE7049B002B00D0E5E604E748
:1051600034E5000074E200007CE7000080E7000006
:1051700084E70000800020008000400088E70000F5
:1051800094E700001044004100440041600010001A
:10519000F0B5140005AA1688002C41DB0A25425FF1
:1051A000A2423DDD002902DA5B1800211BB2082271
:1051B000855E5A18AA4201DD6B1A1BB2002B2FDD47
:1051C0000727E2173A401219D2105543C26A01204C
:1051D0003C40A04069185218C0B2012E0CD0002EDD
:1051E00013D0022E1CD1013B1BB2591C18D01178D0
:1051F000414011700132F6E7013B1BB2591C0FD040
:105200001178014311700132F6E7C043C0B2013B8F
:105210001BB2591C04D01178014011700132F6E71D
:10522000F0BD0000F0B505AC2588002976DB082428
:10523000065FB14272DA002A02DA9B1800221BB222
:105240000A27C45FD718A74201DDA31A1BB2002B9F
:1052500064DDD2B2DCB2D30873435918C36A59185B
:1052600007231A401FD001339A1A314BD2B29B5CEC
:10527000944254D2FF26171B3E413340012D06D0E5
:10528000002D08D0022D49D10E78734001E00E7830
:1052900033430B7002E00E789E430E7094423DD370
:1052A0000826835FC918A31ADBB2072B22D9022D67
:1052B00010D11A000C78083AE4430C700825445FBA
:1052C000D2B20919072AF5D80722134026D0194A65
:1052D000D35C19E02C00621E94411A006442E4B2CF
:1052E0000C700827C65F083AD2B28919072AF7D886
:1052F00007221340002B11D00E4AD35C012D06D09B
:10530000002D08D0022D09D10A78534001E00A7817
:1053100013430B7002E00A789A430A70F0BD012D26
:10532000B5D0002DB7D0022DAED08919BBE7C0464D
:105330006CE7000074E7000037B5140006AA158872
:10534000827E022A0DD0032A18D0012A11D1E2430D
:105350000489A41824B20A0000952100FFF762FF17
:105360000BE0E2434489C918A418028924B2511AF7
:1053700009B200952200FFF70BFF37BD4289C9181B
:10538000511A09B2E7E737B5140006AA1588827EDC
:10539000022A0DD0032A18D0012A11D10289E4185B
:1053A000141B24B20A0000952100FFF7F1FE0BE068
:1053B000CA430189E4188918428909B2141B24B22E
:1053C00000952200FFF72EFF37BDCA434189891897
:1053D00009B2E7E7F7B50400806A00284DD00368FA
:1053E000A16D9B6A9847052250492000FFF7BAFC3F
:1053F000218920000139C9B2FFF740FC07210A23A7
:10540000E25EA06A0732D3170B409B182289DB109B
:1054100053439BB20093E66A002846D027000368F6
:1054200030373978DB6A9847A06A40210368012544
:105430001B689847009BA06A013B9BB20093009AAF
:10544000036811003A4A914225D0FE2D0CD95B6BBE
:105450009847A06A397803680125DB6A9847A06AF3
:10546000402103681B689847A06A317803680135BA
:105470001B689847ADB20136DCE7606A002804D0AB
:105480000368616EDB69A26E9847626C616D136898
:105490008B431360A7E75B6B9847A06A002838D05E
:1054A0000368E16D9B6A9847F7BD226C216D136814
:1054B00001960B431360009B013B9BB200931A00C3
:1054C0001B4B9A42E9D0019B606A1978002806D0EC
:1054D00003689B689847019B01330193EBE7082021
:1054E0008025E36BA26BA76C16680D420ED0374384
:1054F00017601E68E76C01383E431E601E68E76C4B
:105500006D08BE431E600028EDD1E4E7BE4316607F
:10551000EFE7626C616D1368606A0B4313600028EB
:10552000C2D003681B6A9847BEE7C0468EE70000FA
:10553000FFFF0000030002685B6810B5D0B20021D5
:10554000002B00D1022102F0B1FB10BD10B50068A4
:10555000C0B202F023FC10BD10B50400FFF7F6FF47
:105560006368984202D10120A07310BD0020FBE7C0
:105570000B7810B55B000C000B70FFF7EDFF237884
:105580001843207010BD70B50D00010004000F31EC
:10559000FFF7EEFF237DE07B002B2AD138229043DA
:1055A000C02805D1E37301332373637A0133637237
:1055B0003822E37B9343072B09D1F833E37302F0DE
:1055C00005F90123E372237A206101332372E37B1F
:1055D000FF2B01D0002070BD02F0F8F82369C01A3B
:1055E000A842F7D30120A37A60731B18A372207519
:1055F000F1E70028FBD0EDE70023C3720373437388
:105600007047002303704380704770B504000D009D
:1056100002F0DCF863680022C31A9D4201D8606082
:105620000132100070BD10B501211A2002F03EFBBE
:1056300001211A2002F086FB01211B2002F036FB1B
:1056400000211B2002F07EFB10BD000010B50248B7
:1056500001F0A7FE10BDC046B807002010B50248F3
:1056600001F09FFE10BDC046FC09002010B50248A5
:1056700001F097FE10BDC046400C0020F0B51F4958
:1056800085B01F4800F058F81E491F4800F054F834
:105690001E4D1F49280000F04FF81E4E1E493000D5
:1056A00000F04AF81D491E4800F046F81D4F1E49FB
:1056B000380000F041F801240323390000930194DD
:1056C00023000022194801F0E5FD00233100019379
:1056D00000941D331E22164801F0DCFD19230393AC
:1056E000013B0293163B01930094143317222900C7
:1056F000104801F08BFD05B0F0BDC0460008004227
:10570000840E0020000C00428C0E0020940E00201D
:10571000001000429C0E00200014004200180042BD
:10572000A40E0020AC0E0020001C0042B807002090
:10573000FC090020400C0020002303710160704729
:105740009446F0B59E1E721E964162460568920709
:105750002F6836063A4332432A60072505AC247881
:105760000068A4012940214342680024022B00D094
:105770005C03114321434160F0BD30B5C02503688F
:10578000AD031C6812052A402243C0240904A40268
:1057900021401143196003685A6814435C6030BDAE
:1057A0000123026811680B43136003681A68D2076B
:1057B000FCD4DA69D207F9D4704702230268116871
:1057C0000B4313600268D3699B07FCD470470268DF
:1057D000137E9B0702D40379002BF9D100230371B8
:1057E0007047002203685A8370470368187E400799
:1057F000C00F70470368187EC00970478023026895
:105800005B42117E0B43137670470368588B800709
:10581000C00F704702230268518B0B4353837047BC
:105820000368187EC007C00F70470368188DC0B2A8
:10583000704703681A7ED207FCD589B21985012307
:10584000037118007047012203689A75704701229E
:1058500003681A757047000070B5012604684B088C
:1058600033403140256809075B070B432B43236016
:1058700004685100034802F069FB0138C0B220738C
:1058800070BDC046006CDC020123026811680B4346
:10589000136003681A68D207FCD4DA69D207F9D416
:1058A00070470223026811680B4313600268D369D2
:1058B0009B07FCD470470368DA699207FCD4022185
:1058C0001A688A431A607047036818684000C00F5E
:1058D00070470268936A5B0A5B021943916203682E
:1058E0001A7E5207FCD5986AC0B27047012302683D
:1058F00011680B43136003681A68D207FCD4DA6995
:10590000D207F9D470470223026811680B43136071
:105910000368DA699207FCD430215A8B8A4311005C
:1059200010220A435A830268D3695B07FCD470478C
:105930000221026813688B4313600268D3699B07D6
:10594000FCD4704780230268DB02116851680B4366
:1059500053607047036803491A685A680A405A60DE
:105960007047C046FFFFFBFF032230B503681140BC
:105970001C68074D5A6809042A40E4061143640F65
:105980005960052C03D10268D3695B07FCD430BD94
:10599000FFFFFCFF70B5056804006B8B9B069B0F37
:1059A000022B0DD06B8B00209B069B0F032B32D05C
:1059B0006B8B9B0704D56B8B9B069B0F012B2AD10E
:1059C0006B6A49001143DB0AC9B2DB020B436B620D
:1059D0002368002A13D11A7ED207FCD55B8B9B0665
:1059E0009B0F022B04D0490800222000FFF7D2FFB2
:1059F0002368588B4007C30F012058400BE0187EE6
:105A00008007C00FF4D11A7ED207F8D5C02259689A
:105A100092020A435A6070BD036828331970026805
:105A2000107EC007C30F508B002B06D1C007C00FDC
:105A300008D1538B9B07F3D570474007C30F012054
:105A40005840F9E71800F7E703682833197003682E
:105A500000201A7E520704D5588B01234007C00F3F
:105A60005840704703681868C006400F0438434226
:105A70005841C0B270470368588B8006800F0238C7
:105A800043425841C0B270470368187E4007C00FB8
:105A900070470368187EC007C00F70470368588BB3
:105AA000C006C00F70470368187E8007C00F70479C
:105AB0000368588B0007C00F704703681A68D20646
:105AC000520F052A05D11A7E920702D41A7ED207F8
:105AD000F9D528331878C0B2704700000368214A0E
:105AE00030B593422FD0204A93422FD01F4A934281
:105AF0002FD01F4A93422FD01E4A93422FD01E4AC6
:105B000093421FD10E2319220121032599401B48DE
:105B1000C024016099082B40AB40FC359D408900B2
:105B20000918A4000859A843C0259D402B00034331
:105B30000B518023DB011A43114B5A805A7852B221
:105B4000002AFBDB30BD09231422DDE70A231522DE
:105B5000DAE70B231622D7E70C231722D4E70D230D
:105B60001822D1E700080042000C00420010004259
:105B70000014004200180042001C004200E100E056
:105B8000000C0040F8B504000F0016001D00FFF7E0
:105B9000A5FF2000FFF704FE1C21BB000B4071078E
:105BA0002268090C0B431360842322689375012F2C
:105BB0001AD11021012E00D008390C4B6943186806
:105BC000C00002F0C3F90722216802408B8952030A
:105BD000DB04DB0C13438B81226803049089DB0C0C
:105BE000400B400318439081F8BDC04608010020D7
:105BF000F7B50600019308AB1F780D001400FFF7FE
:105C000043FE3000FFF76AFFC022240592031440D0
:105C1000BA070C2717433C43C0270722BF022D04B5
:105C200033683D4025431D60019B316813401A00D5
:105C300080239B0213434B60F7BD70B504000D0039
:105C40001600FFF74BFF2000FFF750FE1C222168D3
:105C50006D000B6893431A0010231343FF220B605F
:105C6000236815405D62002E04D001232268516A2A
:105C70000B4353620723226893752268D3695B073D
:105C8000FCD470BDF8B504000F00FFF727FF20001B
:105C9000FFF72CFE1422236879001A600C4B25684C
:105CA0001E68300002F052F90A490400300002F088
:105CB0004DF97D23FA215843C90002F047F9FF232B
:105CC000241AE868053C1C4098430443EC60F8BD86
:105CD0000801002040420F000020704770B50F26D9
:105CE000CB1D013902003240D5B22C0000093034FE
:105CF000092A00DD07341C70013B8B42F2D170BDD4
:105D000010B50C000B4B1868FFF7E8FF21000A4B99
:105D100008311868FFF7E2FF2100084B10311868BE
:105D2000FFF7DCFF2100064B18311868FFF7D6FF9C
:105D3000202010BD0CA0800040A0800044A0800066
:105D400048A0800008B4024B9C46103808BC60474D
:105D5000015D0000704770473F20704713B56B46E8
:105D60000268D9710733546819000122A04716BD93
:105D700070B50A260B7892B06E44023305000B70A2
:105D80003C220021300004F003FF394801AC0690AA
:105D9000384824210790062020776846364AA174A7
:105DA0002281364A364BA281FD3AFF3A8018C177EC
:105DB000684623390630C17768460730C17702A8A4
:105DC000C1770720F277032608316944C87703A911
:105DD000CE7710212B366E443170092621851F3174
:105DE00069440E700CA9053E0E70332123800223F6
:105DF00069440B7006360DA90E7022493536A1860E
:105E00003B216E44307010A86274E27702703D321C
:105E100069446A440B70137040210022E3702371BF
:105E20006371A37341336B44218719705A702B7DC2
:105E3000C039A370A37263770133DBB2A3776A7DA5
:105E40000B200D0068441543C5773120684403706A
:105E50003A23501C6B441870412302320A436B44AE
:105E60001A7021004222084800F004FD12B070BDF3
:105E700010010424020605240904000001020000A8
:105E8000080B000007050000180F002008B4024BA3
:105E90009C46103808BC6047715D0000F8B5027D73
:105EA0000B7904000D0000279A420CD10B784E7834
:105EB000A12B0AD1212E06D10100072234311C4822
:105EC00000F0D8FC01373800F8BD212BFBD1202E83
:105ED00023D1010007223431154800F00DFC962330
:105EE000626BDB009A421FD13B342378DB071BD463
:105EF000FA2001F0CBFF00210D4800F0C3FD01277F
:105F0000232EE0D1EB78AA781B021343094A002123
:105F10000748136000F0B6FDD5E7222EEFD103004D
:105F20008A783B331A70DAE701F0BAFFE3E7C0463C
:105F3000180F00200001002008B4024B9C461038C6
:105F400008BC60479D5E000010B534300822002177
:105F500004F01EFE10BD000010B5417D006A013145
:105F600000F002FB034B1B6801335A1E93411818C3
:105F700010BDC0460401002010B5417D006A023109
:105F800000F008FB10BD10B5417D006A023100F041
:105F9000CFFA10BD70B50D00417D04001300023131
:105FA0002A00006A00F0BCFB002801D101236360D5
:105FB00070BD000010B5054C23685A1C04D103685D
:105FC0005B69984703002060180010BD04010020A1
:105FD000074A0300106810B5411C03D001235B423F
:105FE000136010BD597D186A013100F049FBF8E7D4
:105FF0000401002070B5050001F0E8FBF423FF3335
:106000000024984207D93B352C780A20631E9C4116
:10601000E4B201F011FC200070BD00207047704711
:1060200070470000FA239B0010B58360114B0022DB
:10603000C3820300283383610F4B04004260C261B6
:106040001800503323610830631D21622060DA7725
:106050000A4A2F3303CA03C38323A362813BE3624B
:106060008033236301F0CAFA2100103101F098FA5D
:10607000200010BD03020000B4EA0000ACEA0000FA
:10608000022110B5094B1A68437D5B01D318FF3319
:106090009C7A21439972437D0133DBB25B01D318B3
:1060A0000122FF33997A0A439A7210BDD01300205F
:1060B00010B502490248FFF7B5FF10BD180F0020C8
:1060C000B40E0020704710B5040001F0FFFB200063
:1060D00010BD0000F0B5822919D1C3B2294D5A0173
:1060E000AA189169284C80010C40C02189052143E0
:1060F00091612649083340187021506128685B017E
:106100001A5C8A43110030220A431A54F0BD002958
:10611000FCD1C026C1B21B4C4B01E3189A681A4D42
:10612000B6052A4032439A60194A800182185A60A3
:106130000A000727246808325201115DB9430F0095
:106140000121394311559F6910493D4040182E43A4
:106150009E6158617020115D814308001021014348
:10616000115599680B48A218084080214903014342
:1061700099609968890B89039960402311790B43D1
:106180001371C3E7D0130020FFFFFF8F440F0020DF
:1061900004110020FF3F00F0EFF3108303600123A0
:1061A000436072B670470368002B02D162B6BFF33A
:1061B0006F8F704773B5836D0400002B1BD10600F1
:1061C000A83635786846FFF7E7FF019BEDB2013B43
:1061D00002D33578EDB2FAE768460193FFF7E3FFA3
:1061E000002D01D1002076BD2300A4331868A0340F
:1061F0002368C01AF7E76846FFF7CEFF22000025A4
:10620000019BF432013B02D31578EDB2FAE7684600
:106210000193FFF7C8FF002DE4D02300F033186886
:10622000EC34E5E710B5436D4468DBB25A01A218BF
:10623000916809480833084080214903014391606F
:1062400091685B01890B890391602268D318402211
:1062500019790A431A7110BDFF3F00F0F7B5436D7D
:106260004268DBB219000400083110684901411886
:10627000C979C90711D55B01D21893689B049B0C9F
:106280000CD12000FFF7CEFF63681A68636DDBB2A4
:1062900008335B01D3187F22DA71F7BDE16D002965
:1062A00023D12100A4310B6023000125AC33E56527
:1062B00068465360FFF770FF260020002100019B15
:1062C000A836013BF430F5315A1C33D035700278D2
:1062D0005F1ED2B20A700A78002A04D1200001930E
:1062E000FFF7A0FFE8E73B00EEE72100F0310B608D
:1062F0000023E3652300603353606846FFF74CFFDB
:106300000125260020002100019BF436013BA83026
:10631000F5315A1C0ED0357002785F1ED2B20A7069
:106320000A78002A04D120000193FFF77BFFE8E7F9
:106330003B00EEE768460193FFF735FFA4E737B56A
:106340006B46DC1D00230D00237001F057F921007E
:1063500001F0E3F82B681818286020783EBD000093
:106360000078002810D00121084B1B681A898A4345
:106370001A810822198B0A431A830422198B0A43B3
:106380001A830022024B1A607047C046D0130020C7
:10639000C813002010B50F4A93699B0B9B039361B0
:1063A00013680222FF331A729879823A02439A7173
:1063B0001A7A9207FCD57F24074A2140937A080075
:1063C000A3431900802301439172917A5B420B43EE
:1063D000937210BDD01300200050004110B50C0086
:1063E00001F00CF9210001F0CBF8002804D1034A98
:1063F00093699B0B9B03936110BDC046D013002093
:10640000F8B50D00832A19D1CBB23B4C5A01A21822
:1064100091693A48AD010840C02189050143916165
:10642000374920686D187021083355615B011A5C8B
:106430008A43110040220A431A54F8BD022A55D15A
:10644000304A8B009858002802D003685B6998474F
:10645000F82001F037FA0400274E2B4B466003600A
:1064600040220021083004F093FB22000023A032D8
:10647000A3646565E3642365A365E3655360D36442
:106480001372136013654C3213725372FF222B0088
:106490001340590171188868184F08330740C0200D
:1064A000800538438860306807265B01195CAD00C1
:1064B000B1430E000321314319542300616D60681C
:1064C00011404901411860334B60616D63680A40B7
:1064D0001B6852019B180122FF33997A20000A435E
:1064E0009A72FFF79FFE074B5C51A6E71100280048
:1064F000FFF7F0FDA1E7C046D0130020FFFFFF8F9C
:10650000440F00201C0F00201CEB000070B505009C
:106510000124064BA200D258002A06D021002800F0
:106520000134FFF76DFF0A2CF3D170BDF00E00208F
:106530000B4BCAB20B488901C9185301C3185961E2
:1065400099690832890B89039961036852019A1885
:106550000223D3715179823B0B4353717047C0467C
:10656000440F0020D0130020084B8A00D05810B5EB
:10657000002803D003689B68984710BDC9B2044B3C
:106580004901591888688004800CF6E71C0F002028
:10659000D013002010B50C00FFF7E6FF00280CD048
:1065A000064BE4B21B68083464011C19802362792D
:1065B0005B42134363710223E37110BDD0130020CB
:1065C000F0B51C002A4B85B01B6807000D00029235
:1065D000002B4AD0274B8A00D058002808D00368E7
:1065E00022005B68029998470400200005B0F0BDC6
:1065F0003800FFF7B9FF844204D929003800FFF7BB
:10660000B3FF04000121EBB21B4E03935B01019326
:10661000F21893689B0B9B039360019A336802986E
:106620009B18FF335A7A0A435A72144BA901C918AE
:10663000220004F091FA002CD7D029003800FFF78F
:1066400093FF0028D1D14021039B326808335B01BE
:10665000D3181879014319710121D971019BD318FD
:10666000FF339A7A0A439A72BFE701246442BCE777
:10667000C81300201C0F0020D0130020041100209C
:1066800013B56B46DC1D22000123FFF799FF01289B
:1066900001D1207816BD01204042FBE770B5CBB296
:1066A000124A13485C0189018918021951609168E6
:1066B000104D08330D408021490329434025916046
:1066C0009168890B8903916001685A018A181679CB
:1066D0003543157195796D06FCD55B01C918CB79E9
:1066E000DB07FCD500198068C0B270BD0411002022
:1066F000D0130020FF3F00F070B50D000021140002
:10670000FFF7CCFFA04200D9200000230349A34299
:1067100003D0CA5CEA540133F9E770BD04110020CC
:10672000F0B51E003A4B85B01B680F000192002B9C
:1067300035D08023DB019E4231D80025354B8A01BC
:10674000D3180293002E2CD0334B1B680393FF23E6
:106750003B401C0000930834039B64011C19A3797F
:10676000DB0921D02D4B2E49186801F0EFFB2D4B92
:106770001721584301F0EAFB2B4BE279920713D41F
:10678000DA5D002A01D10138F7D20122DA55009BE7
:106790005A01214B9B189A69920B92039A61012529
:1067A0006D42280005B0F0BD00221F4B3400DA55C1
:1067B0003F2E09D9009B40245A01174B9B18802279
:1067C000996912060A439A6122000199029804F01D
:1067D000C3F9009BA1045A010F4B890C9B18029A24
:1067E0002D195A619A69361B920B92030A439A61DA
:1067F000009B039A08335B01D3180222DA7159799E
:10680000823A0A435A71019B1B1901939AE7C046C9
:10681000C8130020440F0020D013002008010020DE
:1068200040420F0070110100390F002070B50D00BB
:106830001C000D4BAE01F61811003000220004F0D0
:106840008BF9EDB209496D014D196E61AB69084ACA
:1068500020001340AB61AB69A2049B0B920C9B031D
:106860001343AB6170BDC046440F0020D01300201D
:10687000FF3F00F0F7B5104B01901B780F0015009B
:10688000002B0CD10D4B16001C78002C09D00C4E9F
:106890000C4834882018641904F05EF9348028000C
:1068A000FEBD002EFBD03A19330000210198FFF7FE
:1068B000BDFF2418361AF4E7C4120020C5130020C7
:1068C000C6130020C5120020F8B50F0016000024E2
:1068D000012A26D9100004F019F90500380004F047
:1068E000FDFE032302220130400028706B709642A7
:1068F0000DD9397800290AD0531CDBB20137A954CD
:106900009E4203D00232EC54D2B2F0E732002900AA
:106910000548FFF7AFFF441EA041C4B2280004F0B1
:10692000FFF82000F8BDC046180F0020F0B5002485
:10693000012685B0184B0F0069461E7005000094B3
:10694000FFF7FDFC154B01A90B806A3BFF3BCB71A8
:106950005A330B72009B8C7109334B800E4B4E7176
:1069600008711C703A00092F0FD00D4F09223E709C
:106970000C4E280000943480FFF77CFF6946280005
:10698000FFF7DDFC328808493C702800FFF772FFF2
:10699000012005B0F0BDC046C4120020090200006D
:1069A000C5130020C6130020C512002070B5CE7894
:1069B00092B005000C00022E0BD18B79C9792C48BE
:1069C00009021943FFF7B2FF411E8841C0B212B05D
:1069D00070BD00F013FE210000F0B3FD002803D0CD
:1069E000C117081AC00FF2E7012E0ED1E279A37980
:1069F00012021A431F49112A13D8D2B2002A10D00A
:106A00002800FFF737FF0120E1E7032EDFD1A3784D
:106A1000002B08D1E279A37912021A431649032AFE
:106A2000EBD90A78ECE7022B08D1E279A3791202BC
:106A300012491A432800FFF747FFC8E7012B05D189
:106A4000E279A37912021A430D49F3E7032BBED171
:106A50004122010001A804F09BF800F0CFFD01A93C
:106A600000F07FFDE279A37912021A4301A9E1E760
:106A7000180F00205CEB00004CEB000038EB00002E
:106A800050EB0000CBB204495B01C9188B699B0B2A
:106A90009B038B617047C046D013002037B50500BB
:106AA00048780C000B2810D801F046FA061B0F2B73
:106AB0000F404561494C5A5D097801AA002906D169
:106AC000022311802800FFF7B1FE01203EBD002304
:106AD0001380284B1B78012B00D113700223002157
:106AE000F0E78A780023012A03D101AA1380224B00
:106AF000F0E7204A1370214A93699B0B9B03936133
:106B0000E3E78C78012C06D100211B4B01AA1C70F5
:106B100011702300D6E70120002CD7D1154B174A5E
:106B2000187093699B0B9B039361CFE789782800CA
:106B3000FFF730FCC9E72800FFF738FFC6E701235D
:106B40000F4ACCE70B780020DB06BFD12800FFF707
:106B5000DDFCA2780A4B0B481A60FFF791FACAE7EE
:106B60000123094ABBE78A78074B1A60C3E7002074
:106B7000ACE7C046380F0020400F0020D0130020A3
:106B8000C8130020B40E0020CC1300203A4BF7B5F8
:106B90001E780500002E5FD1384C23689A8B1207AF
:106BA0000DD5082231009A833000FFF793FA1022A6
:106BB0002368FF33997A0A439A72314B1E60236827
:106BC0009A8B520701D504229A83FF331A7A9206D0
:106BD00003D52022597A0A435A721A7AD20623D54B
:106BE00069460800274AC0CAC0C0A268920B920337
:106BF000A2604022587902435A7160230A78280023
:106C00001A422AD1FFF74AFF2368FF33002827D012
:106C10008022997952420A439A711A7A520603D510
:106C20004022597A0A435A727F2601252368FF338E
:106C30001E722F00236808377F01DB19DB79002BD8
:106C400007D0114BAA00D05800280DD003681B684C
:106C500098470135082DECD1F7BDFFF7BFFBD3E70F
:106C600020210A4A9171D8E729000948FFF7D8F98D
:106C70002368DF19FE71ECE7C5130020D013002054
:106C8000C8130020041100201C0F0020FF500041F9
:106C9000B40E002010B50248FFF778FF10BDC046C3
:106CA000180F002080235B0003800023436007331C
:106CB0000372704783000148C0187047F00E00202F
:106CC000836C402B09D03F22036CC154036C013309
:106CD00013400364836C013383647047F7B5050088
:106CE0006846FFF759FA00264022019B013B02D378
:106CF0002E6D961BFAE768460193FFF754FAAB6DC9
:106D00006846002B4FD1FFF747FA2900019BA831B5
:106D1000013B5A1C0CD00C785A1EE4B2002C05D151
:106D200068460193FFF73FFA2000FEBD1300F0E72D
:106D3000684601930024FFF736FA2A002900A032A2
:106D40001368A431B4420ED0086898420BD92800C9
:106D5000591CEB181160603319780830C9B2FFF77D
:106D6000AFFF0134E9E709689942DDD100231360E0
:106D70000133AB656846FFF70FFA2F002A000021A8
:106D8000019BA837013BF532581CC9D039701078E7
:106D90005E1E002805D0117028000193FFF742FA0B
:106DA000EBE73300F0E7FFF7F7F92900019BF43137
:106DB000013B5A1C06D00C785A1EE4B2002CAFD00E
:106DC0001300F6E7684601930024FFF7ECF92A0068
:106DD0002900EC321368F031B44202D008689842BE
:106DE0001DD8096899429FD1002368461360AB659E
:106DF000FFF7D2F92F002A000021019BF437013B55
:106E0000F532581C00D18BE7397010785E1E0028CF
:106E100011D0117028000193FFF704FAEAE7280067
:106E2000591CEB181160AC3319780830C9B2FFF760
:106E300047FF0134CBE73300E3E710B50400FFF769
:106E40004DFF206D10BD10B50400FFF747FF236D07
:106E5000002B03D0E36CE418207A10BD01204042DF
:106E6000FBE7F7B517000E000400FFF737FF684691
:106E7000FFF792F93F2200259446019B013B5A1CE3
:106E800019D0BD4215D2226D002A12D00121226DE7
:106E90004942002A0AD06046E26CA218117AE26CDC
:106EA00001320240E264226D013A226571550135DA
:106EB000E7E7013BE3E768460193FFF774F9280031
:106EC000FEBD0000014B024A1A607047D01300203B
:106ED000005000412023F7B5474A0500D1690F2033
:106EE0000B43D361012245490B7813430B70444B8C
:106EF00019788143197006211C7821431970414982
:106F00000C7822430A701A7802401A7060221978AD
:106F10000A431A703C4B3D4A5A805F78FF09FCD106
:106F20003B4800F04DFC01233A4C3B4E22683000B8
:106F300011780B43137080223900520003F028FEB1
:106F400022689378DB07FCD456621F26334B1B68FC
:106F5000590B980C9B01314030405B0FB14200D17E
:106F600005211F2800D10238072B00D1043B3140F6
:106F70008901178D01912A4930400F400199394309
:106F80001185118D0700B143080038431085118D1C
:106F90001803244B7F260B4003430C201385082342
:106FA000D17881430B430321D3702268D3788B437C
:106FB00001390B43D37022681378334013700423D4
:106FC00022681678334313702268C1241389A40001
:106FD00083431548138103591B021B0A0351802365
:106FE0000360137811481943012311702B7000219D
:106FF000FEF7B0FEF7BDC046000400405844004113
:107000003C44004159440041000C0040064000004F
:10701000956C0000D0130020D41300202460800061
:107020003FF8FFFFFF8FFFFF00E100E0B40E0020FC
:107030000120704710B50368014A1B6A984710BDCC
:1070400013040000FC30006A704787239B00C018BF
:10705000C36880204000C01A70470300FC331A6ADE
:10706000002A03D0DB69C018007D70470120404230
:10707000FBE710B504000069FEF792FB2200002335
:10708000FC329361D361136287229200A41863607B
:10709000A360E36010BD872310B59B00C218D368BE
:1070A000002BFCD10069FEF792FB10BDF0200140DF
:1070B0003039484248417047F0231B011940802372
:1070C00006209B0099420AD00133FF3301309942D8
:1070D00005D0802302385B00994200D00020704721
:1070E0000F2001400020012903D00239481E8141B0
:1070F000481C70478B23F0B5182685B002919B0081
:107100000400C05C330008214343324D1700EB18E4
:10711000595600F05BFE304B0821E05C33004343DE
:10712000EB18595600F052FE2C4BE25C0393022AF6
:1071300009D11133E05CFF2805D008214643AE1980
:10714000715600F043FE8C26B600A05DFF2819D0D2
:10715000012100F0ABFD1822A35D21495A43AB5633
:10716000AD18DB0158188D21890060501D4901229E
:107170005B188E218900635069688A408F218900DD
:1071800062501A600122029B11002069FEF7FAFC8E
:1071900039002000FFF790FF390005002000FFF7BD
:1071A0009FFF390006002000FFF780FF33000090AA
:1071B000290020690122FEF7C3FA0B4B2069E25C2B
:1071C000039BE15CFEF7D9FA2069FEF7F6FA05B0F9
:1071D000F0BDC04694E700002D0200002F02000021
:1071E00018440041144400412E020000802210B5D2
:1071F00004005200002103F0CBFC23000022FC33EA
:107200005A6020009A60DA6010BD0000F0B585B0C9
:107210001D000AAB1B78040000930BAB1B78160013
:1072200001930CAB1B780F0002930DAB1B780393FB
:1072300000234360FA239B008360124B08330360F2
:107240001430FFF7D3FF20002130FF30FFF7CEFFCF
:107250008B236A469B002761E6540B4B1278E5545A
:107260000A4B2000E2546A46094B1279E2546A46FE
:10727000127A0133E2546A46127B1033E25405B0AD
:10728000F0BDC04670EB00002D0200002E02000091
:107290002F020000F7B51D0008AB1B780400009317
:1072A00009AB1B781600019300234360FA239B006F
:1072B0008360114B0F00083303601430FFF796FF13
:1072C00020002130FF30FFF791FF8B236A469B009F
:1072D0002761E654094B1278E554094B2000E2542B
:1072E0006A46084B1279E2548C22313BFF3B9200F4
:1072F000A3541032A354FEBD70EB00002D02000019
:107300002E0200002F020000F7B5EFF31083009368
:107310000123019372B680260200FF25019BFC32F7
:107320007600013B5C1C0FD0D4685F1EB44209D0CC
:1073300054680155546801342C405460D4680134B9
:10734000D460EEE73B00EDE768460193FEF72BFFC4
:10735000F7BD13B5EFF3108300930123019372B6C9
:10736000019B5A1E0192002B15D00300FC33DA68F2
:10737000002A0DD09A68845C9A680132D2B29A6071
:10738000DA68013ADA606846FEF70DFF200016BDA4
:1073900001246442F7E701246846FEF704FF6442D3
:1073A000F4E710B504000069FEF72FFA002805D0B5
:1073B0002069FEF73AFA2069FEF72CFA2069FEF7F9
:1073C00014FA00281BD02069FEF72FFA01002000D4
:1073D0001430FFF799FF8C239B00E35CFF2B0ED04A
:1073E0002300FC331A6A80235B009B1A092B06DCFE
:1073F0008D238F229B009200E358A2581A602069C7
:10740000FEF70EFA00280ED087239B00E318DB68F6
:10741000002B14D020002130FF30FFF79AFFC1B2BB
:107420002069FEF706FA2069FEF7E4F9002805D086
:107430002069FEF7E3F92069FEF7D3F910BD206952
:10744000FEF705FAEFE70000F8B5040000690D004B
:10745000FEF7E6F987239B00E618002802D0F368C0
:10746000002B34D001278022F3685200934223D1AD
:10747000EFF310833B4210D1174B5B68DB05DB0D4C
:10748000F1D0103B5BB2002B10DAF13A1340083B0D
:107490009B08124A9B009B181B682069FEF7C0F9E5
:1074A0000028E0D02000FFF77CFFDCE79B08C0331A
:1074B0000B4A9B009B58F0E720002130FF30290049
:1074C000FFF722FF2069FEF7BEF90120F8BD290071
:1074D0002069FEF7AEF9F8E700ED00E01CED00E0F2
:1074E00000E100E010B504001430FFF732FF8C23F8
:1074F0009B00E35CFF2B0ED02300FC331A6A802331
:107500005B009B1A0A2B06DD8E238F229B009200C4
:10751000E358A2581A6010BDFEE770B50E000025B2
:107520004468002C0BD0236831005B68200098472A
:10753000002802DB2D18E468F3E701256D422800DE
:1075400070BD70B50D004468002C08D02368290078
:107550009B6820009847002802D1E468F4E72000E7
:1075600070BD70B50D004468002C07D02368290059
:107570002000DB689847E4682D18F5E72C7070BD93
:1075800070B50D004468002C08D0236829001B68E2
:1075900020009847002802D1E468F4E7200070BD7D
:1075A000F8B542788B790D00017A9B180400002011
:1075B0008B4222DC6368834219D165600026237800
:1075C0006A71EA792B719B182370AB79B34213D996
:1075D000AB68B7006078DF19FFF76CFB3B680136DA
:1075E00003606378F6B201336370EEE70B00D9688D
:1075F0000029FBD1DD60E1E70120F8BD70B501266F
:10760000054D064C2B68334203D12000FFF74AFB9F
:107610002E60200070BDC046D4140020D814002075
:10762000F7B506000D000C008B180193019B671B3A
:107630009C4207D0336821781B683000984701349A
:107640000028F3D13800FEBD70B5040008000D001D
:1076500004F044F82368020029005B682000984782
:1076600070BD10B50B1E02D0FFF7EEFF030018002F
:1076700010BD10B5FFF7F5FF10BD10B5FFF7F1FF16
:1076800010BD000010B50249FFF7DEFF10BDC04677
:10769000A4EB000070B50400FFF7E3FF0500200035
:1076A000FFF7F0FF401970BD70B50400FFF7D9FF78
:1076B00005002000FFF7E6FF401970BD10B504007B
:1076C00000F084F8E060236820005B699847002898
:1076D00008DA00F07BF8E368C01AA3689842F2D396
:1076E0000120404210BD81607047F7B507001500CA
:1076F0001400D31801910093009B661B9C420BD091
:107700003800FFF7DBFF002806DB019BC0B2984280
:1077100002D020700134EFE73000FEBD30B5040028
:1077200087B00D00064901A803F084FF22002B005A
:1077300001A90A9803F07EFF0A9807B030BDC04641
:10774000A7EB0000FEE70000034B10B51B68002B01
:1077500000D0984710BDC046E414002070B50F4912
:107760000F4CA14204D100F0B5F800F08BF8FEE711
:107770000C4D00238D42F6D0CA18E818A24205D35A
:10778000094B8242EFD00949002204E0006804332B
:107790001060F1E704C38B42FCD3E4E70000002053
:1077A00008030020E4EF000008030020FC14002080
:1077B00010B500F064F8002801D100F055F810BDB4
:1077C000014B18607047C046E4140020014B186854
:1077D0007047C046E8140020F7B5134801228446DC
:1077E0001249134C8E68636805689B0E1340019222
:1077F00088686268019F920E3A4067463F689342EC
:107800000ED1BD420CD186420AD35B19FA254868D5
:10781000AD00861B07486B437043000DC018FEBDCA
:107820003D0013000600E3E7E814002010E000E04C
:1078300000ED00E05555000070B5041E10D0FFF7B4
:10784000CBFF050000F01AF8FFF7C6FF054B401B01
:107850009842F7D9FA23013C9B00ED18002CF3D194
:1078600070BDC046E703000010B5034A136801333A
:10787000136000F01DFB10BDE814002070470020CD
:107880007047000010B500F0EFF803F009F9FDF7BC
:10789000CAFE0120FFF7D0FF084C2000FFF71AFBBB
:1078A0002000FEF75DFDFBF79FFEFBF733FE044B68
:1078B000002BFAD000E000BFF7E7C046180F002009
:1078C0000000000010B503F021F910BD10B503F061
:1078D00027F910BD1E22F0B5504851494368514D5B
:1078E00093431A0002231343436008238A69134316
:1078F000FE228B612B68D2039B0213404A4A13433A
:107900004A4A936113000422DC681442FCD001242B
:10791000474A14701678264203D0567876B2002E65
:10792000F8DB01249460547864B2002CFBDB414CFA
:107930005460547864B2002CFBDB8224E401548050
:10794000547864B2002CFBDB02249C840E34DE6885
:107950002642FCD0384CDC621024DE682642FCD083
:107960002C68A40E3F2C00D1203C9E6A334FA40209
:107970003E4034439C629C6A314EA40AA4023443C4
:107980009C62304CDC6200249C841034DE68264209
:10799000FCD02D4C9C841024DE682642FCD00224AE
:1079A0009E8C34439C841024DE682642FCD0002444
:1079B0009460547864B2002CFBDB244C54605478FF
:1079C00064B2002CFBDB1C6A214E344080261C6212
:1079D0001C6AB4431C62032393601E4B53605378AC
:1079E0005BB2002BFBDB0023FF240B721A4A4B72A5
:1079F0008B72CB72194B1A60194A2B6811689A0660
:107A00005B01C90E2340520F12020B431343154A68
:107A100013858023426813434360F0BD004000415A
:107A200000040040246080000606000000080040BA
:107A3000000C004001040100B905FF7DFF03FFFFBA
:107A4000FF01000080BB0A1C2405000000070300A2
:107A5000FFFCFFFF03060100006CDC0208010020B0
:107A60002060800000400042FA21314B10B51868B8
:107A7000890000F06BFA2F4B0138984256D82E49F6
:107A80002E4A4860C020136A00061B021B0A0343EB
:107A90001362002407238C600B608021136A09069F
:107AA0001B021B0A0B431362FC22254B196A0A4373
:107AB0001A62FC22196A92010A431A62A022196A08
:107AC000D2020A431A62E0B20021013400F0EEF85B
:107AD0001F2CF8D11B4B1C005A7852B2002AFBDB3A
:107AE000194A5A80194B1A00597EC9090129FBD03D
:107AF000E421C90099803F21D970537EDB09012B15
:107B0000FBD0C02300205B011361907000F02EF8C1
:107B100063785BB2002BFBDB0D4B0E4A6380D3799D
:107B2000DB09012BFBD04123537010BDFEE7C0469B
:107B300008010020FFFFFF0010E000E000ED00E082
:107B400000040040000C00401E40000000400042C5
:107B50002140000000480042914202D002D98A1A16
:107B6000D0407047521A9040FBE70000164A00B51B
:107B70001300517EC9090129FBD00138042816D809
:107B80001969124A0A400F211A615A788A4300F093
:107B9000D3F90308060B0300110001220A435A70AF
:107BA00000BD11000322F9E711000222F6E7F023DD
:107BB00011691B050B430F21136153788B43190087
:107BC00002230B435370EBE700400042FFFFFFF03E
:107BD00010B504000D2801D80E34E4B201212000B4
:107BE00000F0F4F81823102163432B4CE41861567D
:107BF000002901D014290DD1284B1800DA79D209B7
:107C0000012AFBD002241A78A2431A70C379DB0937
:107C1000012BFBD022480300427ED209012AFBD06F
:107C20001F2402692140A2430A4302615A7ED209FD
:107C3000012AFBD0022219780A431A705A7ED2090F
:107C4000012AFBD00222197B0A431A731A7ED2073B
:107C5000FCD501221A765A7ED209012AFBD00222D3
:107C6000197B0A431A731A7ED207FCD5588B80B24F
:107C70005A7ED209012AFBD002211A788A431A704F
:107C80005A7ED209012AFBD0064B1A68064B1968A6
:107C9000FFF762FF10BDC04694E7000000480042B5
:107CA00000400042100100200C010020182330B5D4
:107CB0001D00040045430820204A5519285601306C
:107CC00014D0032912D808006343D156D31800F00A
:107CD00033F902280E1B5868CB010221184A9B1861
:107CE0001A1840321170012282405A6030BD586823
:107CF000CB010621124A9B181A184032117001223A
:107D000082405A609A61F1E75868CB0106210C4A1B
:107D10009B181A1840321170012282405A605A6131
:107D2000E4E75868CB010221054A9B181A18403233
:107D30001170012282409A60D8E7C04694E70000A3
:107D4000004400411823F0B508245843114A131881
:107D50001C5701341BD0012635005F688356BD4097
:107D60000D4ADB019A18906805420BD10C00601E89
:107D70008441D2194032107834400336A400B04315
:107D800020431070044A9B18002901D15D61F0BDA9
:107D90009D61FCE794E7000000440041182310B502
:107DA0000824434307490020CA181457013408D057
:107DB0005B560549DB015B18186A5368D8400123FC
:107DC000184010BD94E700000044004118224243CF
:107DD000F8B52C4E0300B218127A52B214000132D8
:107DE0000ED0481C00240C280AD800F0A5F8072063
:107DF000202020202020200B0B0B0B0001246442AC
:107E00002000F8BD092905D10021D8B2FFF74EFFA7
:107E10000024F5E70A2902D1D8B20839F6E7002490
:107E20000B29EDD1D8B20A39FFF740FFE8E7182057
:107E30004343F2185568F3562C00134ADB016E08D1
:107E400017389B18C9B204409E19002C0DD00F247E
:107E500030363278090122401143C9B25B193170C2
:107E600040331A7810431870D2E732000F273032AF
:107E700016785B19BE433143117040331A781043B2
:107E80001870BDE794E700000044004110B50400FD
:107E9000FEF7C5F8014B1C6010BDC0461401002060
:107EA0000122024B52421A607047C0461401002062
:107EB000164A10B51368591C26D0013B1360002BDD
:107EC00022D172B6124B134A0433934213D9124A89
:107ED00001211000147D0C42FCD02021148BFF31B5
:107EE0009B085B0021431183D3610C4B138001235A
:107EF000027D1A42FCD0BFF34F8F094B094ADA606A
:107F0000BFF34F8FC046FDE710BDC04614010020EF
:107F100000200000030200000040004102A5FFFF16
:107F200000ED00E00400FA050B0010B50100180098
:107F300002F0A8FD10BD000002B4714649084900D6
:107F4000095C49008E4402BC7047C04600224308C9
:107F50008B4274D303098B425FD3030A8B4244D311
:107F6000030B8B4228D3030C8B420DD3FF22090253
:107F700012BA030C8B4202D31212090265D0030B12
:107F80008B4219D300E0090AC30B8B4201D3CB0308
:107F9000C01A5241830B8B4201D38B03C01A52414A
:107FA000430B8B4201D34B03C01A5241030B8B424C
:107FB00001D30B03C01A5241C30A8B4201D3CB0237
:107FC000C01A5241830A8B4201D38B02C01A52411C
:107FD000430A8B4201D34B02C01A5241030A8B421F
:107FE00001D30B02C01A5241CDD2C3098B4201D337
:107FF000CB01C01A524183098B4201D38B01C01AB5
:10800000524143098B4201D34B01C01A524103092B
:108010008B4201D30B01C01A5241C3088B4201D3DA
:10802000CB00C01A524183088B4201D38B00C01A87
:10803000524143088B4201D34B00C01A5241411AAE
:1080400000D20146524110467047FFE701B50020BB
:1080500000F0F0F802BDC0460029F7D076E770477F
:1080600003460B437FD4002243088B4274D3030999
:108070008B425FD3030A8B4244D3030B8B4228D33A
:10808000030C8B420DD3FF22090212BA030C8B4260
:1080900002D31212090265D0030B8B4219D300E000
:1080A000090AC30B8B4201D3CB03C01A5241830B85
:1080B0008B4201D38B03C01A5241430B8B4201D335
:1080C0004B03C01A5241030B8B4201D30B03C01A5E
:1080D0005241C30A8B4201D3CB02C01A5241830AD8
:1080E0008B4201D38B02C01A5241430A8B4201D307
:1080F0004B02C01A5241030A8B4201D30B02C01A31
:108100005241CDD2C3098B4201D3CB01C01A524197
:1081100083098B4201D38B01C01A524143098B4220
:1081200001D34B01C01A524103098B4201D30B0109
:10813000C01A5241C3088B4201D3CB00C01A52412E
:1081400083088B4201D38B00C01A524143088B42F3
:1081500001D34B00C01A5241411A00D2014652418C
:10816000104670475DE0CA0F00D04942031000D3AB
:108170004042534000229C4603098B422DD3030A00
:108180008B4212D3FC22890112BA030A8B420CD310
:10819000890192118B4208D3890192118B4204D339
:1081A00089013AD0921100E08909C3098B4201D3B9
:1081B000CB01C01A524183098B4201D38B01C01AF3
:1081C000524143098B4201D34B01C01A524103096A
:1081D0008B4201D30B01C01A5241C3088B4201D319
:1081E000CB00C01A524183088B4201D38B00C01AC6
:1081F0005241D9D243088B4201D34B00C01A52419D
:10820000411A00D20146634652415B10104601D329
:108210004042002B00D54942704763465B1000D3B3
:10822000404201B5002000F005F802BD0029F8D059
:1082300016E770477047C0468446101C62468C465D
:10824000191C634600E0C0461FB501F03BFC002846
:1082500001D40021C8421FBD10B501F093FB40427C
:10826000013010BD10B501F02DFC002801DB00200D
:1082700010BD012010BDC04610B501F023FC002840
:1082800001DD002010BD012010BDC04610B501F079
:10829000B5FB002801DC002010BD012010BDC04648
:1082A00010B501F0ABFB002801DA002010BD012061
:1082B00010BDC046002B11D1002A0FD1002900D1DA
:1082C000002802D00021C943081C07B4024802A1BB
:1082D0004018029003BDC0465DFFFFFF03B468462F
:1082E00001B5029800F046F8019B9E4602B00CBC16
:1082F0007047C046F0B5CE46474615042D0C2E00FB
:1083000080B50704140C3F0C9946030C7E435D4373
:10831000674363437F19340CE4199C46A54203D993
:1083200080235B029846C4444B4643435143250C8B
:1083300036046544360C2404A4195B19591820002E
:108340000CBC90469946F0BD70B50600080002F0DE
:1083500067FA0022064B01F01DFC0D0004003000FE
:1083600002F05EFA2B00220000F0EEFC70BDC04669
:108370000000F041F0B54F464646D646C0B5040071
:1083800082B00D00914698468B422FD82CD04146A2
:10839000484602F06BFB29000600200002F066FB55
:1083A000331A9C46203B9A4600D576E04B4652460F
:1083B00093401F004B46624693401E00AF4228D8B0
:1083C00025D05346A41BBD41002B00DA7BE00022E0
:1083D000002300920193012352469340019301230D
:1083E00062469340009318E08242D0D900220023D5
:1083F000009201930A9B002B01D01C605D600098E5
:10840000019902B01CBC90469946A246F0BDA34219
:10841000D7D900220023009201936346002BE9D0B4
:10842000FB079846414672080A437B0866460EE001
:10843000AB4201D1A2420CD8A41A9D4101202419BB
:108440006D410021013E24184D41002E06D0AB4263
:10845000EED9013E24196D41002EF8D10098019902
:10846000534600196941002B23DB2B005246D340B1
:108470002A006446E2401C0053461500002B2DDB09
:1084800026005746BE40330026006746BE403200F5
:10849000801A994100900191ACE7624620239B1A13
:1084A0004A46DA406146130042468A4017001F439D
:1084B00080E7624620239B1A2A0066469A402300E2
:1084C000F3401343D4E76246202300219B1A002285
:1084D000009101920122DA40019280E72023624656
:1084E00026009B1ADE402F00B0466646B74046463F
:1084F0003B003343C8E7C046F8B54746CE46430283
:108500005B0A4400C20F9C464800DD004B02240E6B
:108510005B0A000E80B5984626009146C90FDB0025
:10852000271A8A4229D0002F15DD00284AD1002BB6
:1085300000D095E0ED08FF2C00D188E06B025B0ACB
:10854000E6B25B02F605580A3043D20710430CBC72
:1085500090469946F8BD002F00D087E0601CC0B25D
:10856000012800DCB6E0EE1A720100D5C5E0002E4D
:108570003DD1002200260023E3E7002F00DC96E037
:1085800000285DD0FF2C60D08022D20413431B2F23
:1085900000DDECE02022D21B18009340F8405A1E68
:1085A00093410343ED186B017BD50134FF2C00D1BF
:1085B000B7E0012207262A406B089A4D1D4015435B
:1085C0002E4029E0FF2CB5D08022D20413431B2F6C
:1085D00000DDB2E02022D21B19009340F9405A1E60
:1085E00093410B43ED1A6B015BD5AD01AE09300031
:1085F00002F01EFA05388640844265DC041B330015
:1086000020200134E340041BA640751EAE413343D5
:1086100007261D0000241E4001224B461A40002E52
:1086200004D00F232B40042B00D004356B0100D461
:1086300080E70134E6B2FF2C2FD1FF26002380E72C
:10864000002B52D1FF2C00D074E70A00ED08002D5A
:10865000F3D08023DB032B435B025B0AFF2670E72A
:10866000013F002FBED0FF2CB1D163E7002C47D0D3
:10867000FF2869D08024E4047A4225431B2A00DDC8
:10868000C5E02C002026D440B21A95406A1E9541C0
:1086900025435D1B04008946A5E7AB015B0A50E753
:1086A000002401224B461A406B07BAD142E7002F43
:1086B0003BD10134E0B201284ADDFF2CBDD00726B2
:1086C000ED186D082E40A7E70723574D241A3540B3
:1086D0001E40A1E7002C1BD1002D6ED1002B00D134
:1086E0009AE00A001D003C0024E7013F002F00D162
:1086F00058E7FF2C00D04AE7A7E75E1B894676E7DC
:10870000002D1CD10A00FF281FD004001D0011E716
:10871000002D5DD1002B17D180230022DB03FF2623
:108720000FE70A00FF2600230BE7002C21D1002DC4
:1087300066D1FF28E9D11D0087E7012352E77A1CA3
:10874000A7D0FA43FF2899D10A001D00FF24F1E6C3
:10875000002E21D1002D4FD0002B4CD0ED186B01F5
:108760009ED5314B07362E4001241D4054E701238E
:1087700018E7FF28DFD08024E4047F4225431B2F25
:108780004DDC2026F61B2C00B540FC406A1E9541AE
:108790002543ED18040006E7002DCCD0002B00D1B6
:1087A00053E780216046C903084203D0404608428F
:1087B00000D11D000121114047E7002B00D1B9E68F
:1087C000EA1A500125D507265D1B2E40894623E76E
:1087D000FF24002B00D1ADE680226046D203104278
:1087E00004D04046104201D11D00894601224B466B
:1087F000FF241A409EE62B00DD080A0000249DE6B7
:108800007A1CC6D0FF43FF28B9D11D001DE7012502
:108810003FE7151E00D044E70022002391E6012522
:10882000B7E7C046FFFFFF7DFFFFFFFBF8B55746E8
:108830004E464546DE464402E0B546008846640A98
:10884000360EC70F002E63D0FF2E24D08023E40005
:10885000DB041C43002399469B467F3E4346424629
:108860005D02D20F5B006D0A1B0E9046924665D0EA
:10887000FF2B55D080220021ED00D2047F3B154311
:10888000F61A43464A467B400F2A00D98DE06D48D0
:10889000920082589746002C54D108239946063BF3
:1088A000FF269B46DAE70025534602291BD0032901
:1088B00000D1BFE0012928D030007F30002820DD22
:1088C0006A0704D00F222A40042A00D004352A0166
:1088D00003D530005C4A80301540FE2803DCAC0133
:1088E000640AC2B201E0FF2200246402D205600AD9
:1088F000DB07104318433CBC90469946A246AB4662
:10890000F8BD0122101A1B287CDD00220024ECE7B0
:10891000002C1DD104239946033B00269B469DE76E
:10892000FF3E002D20D1022143464A467B400A43A8
:108930000F2AD8D84548920082589746002D19D161
:108940000121F1E70C239946093BFF269B4685E769
:10895000200002F06DF87626431F9C4000237642EB
:10896000361A99469B4679E74A4603231A439146AD
:10897000032186E7280002F05BF8431F36189D406C
:10898000763600217DE780240023E403FF22ACE754
:1089900000258023DB031C4228D01D4226D12B4317
:1089A0005C02640A4346FF229FE762016C01A24217
:1089B00024D21B210025013E012710006D0052002A
:1089C000002801DB944201D8121B3D4301390029E4
:1089D000F3D11400621E944125436DE7BA4659460F
:1089E00025005346022900D061E77CE78023DB03A2
:1089F0001C436402640A3B00FF2276E7121B1A2123
:108A00000125D9E79E362A00B5402C00C240651EDC
:108A1000AC411443620704D00F222240042A00D044
:108A20000434620103D4A401640A00225DE7012238
:108A300000245AE78024E4032C436402640AFF22E2
:108A400053E7C046B0EB0000FFFFFFF7F0EB00007C
:108A5000F0B54E4657464546DE46E0B543025B0A52
:108A6000450083B00F1C99462D0EC60F002D57D020
:108A7000FF2D24D08020DB00C00418430023814652
:108A80009A469B467F3D7C027A00FB0F640A120ED9
:108A9000984623D0FF2A4BD0E30080240020E40432
:108AA0007F3A1C43AD186B1C4746019353467740F1
:108AB0003A000F2B48D87D499B00CB589F46002B8E
:108AC00000D085E008339A46063B9B467C027A003C
:108AD000FB0FFF25640A120E9846DBD1002C00D054
:108AE00090E0524601231A4392460120DBE74C46B0
:108AF00058461700022824D0032800D1CFE00022D6
:108B0000002301284DD15802D205400AFF07104327
:108B1000384303B03CBC90469946A246AB46F0BDF4
:108B2000002B5BD104239A46033B00259B46AAE712
:108B3000FF35002C60D1524602231A439246022090
:108B4000B1E7FF220023DEE74B461B0C9C464B4659
:108B50002604360C180461463300220C6446000CCF
:108B600043434E435043544380191A0C1218964203
:108B700003D9802149028C4664441B041B0C100459
:108B8000C01883015E1EB341800E1843130C1B19DD
:108B90009B0103431C00230179D5012362081C407B
:108BA0001443019A7F32002A4DDD630704D00F235E
:108BB0002340042B00D00434230103D53C4B019AFD
:108BC0001C408032FE2ABCDCA3015B0AD2B29AE7C9
:108BD0000C239A46093BFF259B4654E7180001F0F9
:108BE00027FF4A46431F76259A4000236D4291464F
:108BF0002D1A9A469B4646E7524603231A4392464D
:108C0000032050E7200001F013FF431F2D1A9C4062
:108C1000763D002047E780230027DB03FF2272E731
:108C2000424666E74C463200584662E780234A4691
:108C3000DB031A4222D01C4220D123435B025B0A91
:108C40004746FF225FE701239A1A1B2A21DC2300F3
:108C50000199D3409E318C401A0023005C1EA34131
:108C600013435A0704D00F221A40042A00D00433B9
:108C70005A0111D49B015B0A002244E780234A4633
:108C8000DB0313435B025B0A3700FF223BE70195DE
:108C900087E70022002336E70122002333E7802301
:108CA000DB0323435B025B0AFF222CE730EC00006E
:108CB000FFFFFFF770B500283DD0C317C5185D4012
:108CC000C40F280001F0B4FE9E22121A962A07DC77
:108CD000D2B2082833DD083885406802400A23E014
:108CE000992A0BDD052329001B1AD94003001B33E9
:108CF0009D402B005D1EAB4119430D00052801DD91
:108D0000431F9D402B000F490B406E0709D00F26D3
:108D10003540042D05D004335D0102D59F220B4060
:108D2000121A9B01580AD2B24002D205400AE40747
:108D30001043204370BD002400220020F4E76802A5
:108D4000400AF1E7FFFFFFFBF0B54F464646D64627
:108D50000C000903C0B5490A470F5E0039431F03E1
:108D6000DB0F9C4665007B0A570F1F436D0DE40F18
:108D7000760DA146C000B846D200AB1B64457BD03F
:108D8000002B5FDD002E00D0A4E03E00164300D192
:108D900012E15E1E002E00D09EE1871A4346B842C3
:108DA00080410125C91A4042091A0B0200D431E161
:108DB00049024E0A002E00D16EE1300001F038FE6B
:108DC0000300083B1F2B00DD61E120223900D21A8D
:108DD0009E40D1409F400E439D4200DD51E15D1B0E
:108DE0006B1C1F2B00DD7CE12021C91A3D003000E7
:108DF0008F408840DD40791E8F4131000722284393
:108E0000D940002507433A40002A09D00F233B40B0
:108E1000042B05D03B1DBB42BF417F42C9191F0037
:108E20000B0200D426E26A1CC64B55056D0D9A4212
:108E300000D106E1C44AFF080A40530752023B43EF
:108E4000120B8EE0002B00D0B8E06B1C5B055B0DB5
:108E5000012B00DC30E1871A4346B842B641CB1AF9
:108E600076429E1B330200D54CE13B003343A1D137
:108E700000220024002570E0002B00DCE5E0002E3D
:108E800000D183E0AF4EB54260D080263604374330
:108E9000B846382B00DC3EE1434613431F007A1EE0
:108EA00097413F1887428041404209180B0200D485
:108EB000B0E0A44B01359D4200D1C3E0A24A7B083B
:108EC0000A4001210F401F435108D30707221F43C7
:108ED0003A4099E79B4EB54238D080263604374356
:108EE000B846382B00DDDCE01F2B00DC30E11E0033
:108EF0004746203EF740BC46202B04D04026F31ABC
:108F000046469E403243170063467A1E97411F43F0
:108F1000CCE0002B00D104E24346134300D159E1D9
:108F20004B07C00818438023C9081B03194208D007
:108F30004546ED081D4204D14346D0085907084371
:108F40002900420FC9007F4D1143C0004B07CA08DA
:108F50007C49C00803438D4268D012036D05120B93
:108F60006D0D002112031800130B0A0D12051A4390
:108F7000764B2D0513402B435B00E4075B0823432E
:108F800019001CBC90469946A246F0BD3E0016430F
:108F900012D05E1E002E00D000E18718874280416B
:108FA00041444042091801250B0233D5022585E7CB
:108FB00064463300414610001D00C7E7002D00D075
:108FC000DAE00C000443F3D05C1C00D19FE15D4C5F
:108FD000A64200D12FE1DB43382B00DD66E11F2BD9
:108FE00000DD83E120240500E41A0F00DD40D940B4
:108FF000A0404346A7405B1A441EA04198462F4319
:109000003843171ABA42924143465242991A64466B
:109010003500CAE607223A40002A00D0F6E64B07A0
:10902000CA084849FF083B438D4296D119001143B5
:1090300000D19EE1802109030A431203120B414D26
:109040008FE71500002200238BE7002B00D0C7E03C
:109050006B1C5F057F0D012F00DCF1E0394DAB4249
:1090600000D1B9E085180A0085428941424449424D
:1090700051180722CF076D082F4349083A401D00B9
:10908000C2E607223049ED1A31403A40BCE63E00C4
:109090002838864000279FE6380001F0C9FC2030C0
:1090A0008EE6434613431F007A1E9741C71BB84202
:1090B00080414042091A78E60E003B000643134304
:1090C000002D61D1002E00D0F4E0002B00D11BE177
:1090D00064463900100039E71A4FBB427AD033009A
:1090E000FFE630001F3DE840202B03D04021CB1A83
:1090F0009E4037437B1E9F41072207433A40002191
:10910000002589E7171A4346BA42B641591A7642F2
:109110008E1B64464EE61F2B00DDADE02026474641
:10912000F61AB740B9461700B246DF404E463E43F6
:1091300037005646B240561EB24117434246DA4007
:109140008918AEE6FF070000FFFF7FFFFFFF0F80DB
:1091500020264746F61AB740B9461700B246DF4008
:109160004E463E4337005646B240561EB241174364
:109170004246DA40891A99E77F4CA6425BD08024A8
:1091800024045B42214327E7002E0CD1002B00D1A1
:10919000CBE0644639001000774DD7E6764FBB42EE
:1091A00018D0330075E6002B14D04B07C0081843C5
:1091B0008023C9081B03194207D0FC081C4204D1B4
:1091C0007907D0080843E14621004C46420FC90008
:1091D0001143C000684DB9E61D0000220023C0E61F
:1091E000002D5BD10D00054300D1E2E65D1C00D1EE
:1091F000B0E0614DAE421FD0DB43382B71DC1F2B3A
:1092000000DD96E020250F00ED1AAF40B9460700BB
:10921000AA46DF404D463D432F005546A840D94061
:10922000451EA84188440743BF18974292415142C6
:10923000414435003AE6644635004146100085E673
:109240000B000343002D00D063E6002BF5D043460E
:10925000134300D17AE687188742804107224144B0
:10926000404209183A400B0200D4D5E6434B013581
:109270001940C9E5380069E61E004746203EF74020
:10928000BC46202B04D04026F31A46469E4032436B
:10929000170063467A1E97411F4302E6364DAE42E1
:1092A000CAD080252D045B422943A6E70843411E0E
:1092B0008841A6E6002B00D148E6871A4346B8420B
:1092C000B641CB1A76429E1B33024BD5171A434642
:1092D000BA429241591A5242891A072264463A40C8
:1092E00092E501430F00791E8F419DE71C000F009E
:1092F000203CE740202B03D04024E31A9940084348
:10930000411E884138437CE60022002425E6171AD6
:109310004346BA429241591A5242891A644635006C
:1093200043E541461000144D10E68022002412034C
:1093300080E61D000F00203DEF40BC46202B03D0EF
:109340004025EB1A9940084307006346781E874181
:109350001F4369E7871897429B4141445B42C91804
:109360003500A3E53B003343CED0072231003A401D
:1093700052E600231A00F4E5FF070000FFFF7FFF1D
:10938000F0B55746DE464E464546E0B583460700F3
:109390000E03480085B092461C00360B400DCD0FE1
:1093A000002800D19DE0954B984239D08023F600EB
:1093B0001B041E43924A7B0F334399469446030095
:1093C0006344009300230026FF00029323031B0B3A
:1093D00098466300E40F52465B0D019400D1B3E060
:1093E00086498B4200D19EE04246D1008022120481
:1093F0000A435146490F11438B46814952468C46D8
:1094000000996344CB1A0021D20000932B006340E3
:109410009A460F2E00D905E17A4BB6009B599F461C
:109420005B463343994600D0B8E002230826002764
:1094300000900293CAE7CB463A0002990195019B3E
:109440009A46022927D0032900D180E2012944D07D
:109450006D49009B8C4663441C00002C38DD53078B
:1094600000D013E2D2085B46DB0109D55946674BB1
:1094700019408B468021C9008C46009B63441C0028
:10948000634B9C4207DC5B4664055F075B02174346
:109490001B0B620D02E000230027584A00211B032A
:1094A0001C0B0B0D1B05234314055A4A38001340AF
:1094B0001C4353466400DB0764081C43210005B0CD
:1094C0003CBC90469946A246AB46F0BD01225242B2
:1094D00001231B1B382B00DCADE1002200230027F9
:1094E000DCE75B46334399465ED0002E00D18AE12B
:1094F000300001F09DFA03000B3B1C2B00DD7BE1EB
:109500001D22D31A5A460100DA4008398E40130052
:109510005F46334399468F403F4B00261B1A00930A
:109520000023029352E7414653460B433B499B4677
:109530008C46009B634400935B46002B3BD1022387
:1095400000221E43022161E7434613439B4637D066
:109550004346002B00D162E1404601F069FA030066
:109560000B3B1C2B00DD53E102004146083A9140C1
:1095700088461D21CB1A5146D9400B0041460B436A
:109580009B46534693401A00009B25499C466044E5
:1095900003008C4663440093002137E70323B14660
:1095A00000900C26029311E7002300930133042658
:1095B000002702930AE70323C3461E43032125E73E
:1095C00001331E430022012120E700239A46802315
:1095D00000271B03094A61E7802349461B03194200
:1095E00000D1E2E05946194200D0DEE00B431B03F4
:1095F00017001B0BA246014A50E7C046FF070000B8
:1096000001FCFFFF70EC0000FF030000FFFFFFFE06
:10961000FE070000FFFF0F800DFCFFFF01F8FFFFBA
:10962000F3030000D94500D9CBE000D1C6E03C00EF
:1096300048460027009B013B00935B46160E1B0229
:109640001E431302984633041B0C9946310C0191BA
:10965000FEF702FD4A4642430B04210C0500194364
:109660008A4207D98919013D8E4203D88A4201D91D
:10967000851E8919881A0199FEF7EEFC09048C46AB
:109680004A46210464464243090C030021438A42AE
:1096900004D98919013B8E4200D8F1E02D041D4305
:1096A000AB464346891A4246280C12041D0C5B4601
:1096B000140C22001B041B0C5A4303946B434443B9
:1096C000029568431B19150CEB189C4203D98024A2
:1096D0006402A44660441C0C15041B042D0C2018C5
:1096E0005D19814277D373D00C1AA24A7D1BAF4219
:1096F000BF419446009B7F426344E01B1C008642AE
:1097000000D1DBE00199FEF7A7FC4A4642430B0477
:10971000290C070019438A4207D98919013F8E4253
:1097200003D88A4201D9871E8919881A0199FEF740
:1097300093FC09044A46894629044D464243090CD4
:10974000030029438A4207D98919013B8E4203D875
:109750008A4201D9831E89193F04891A3A00039F5E
:109760001A43380013041B0C584381460298150C09
:109770006F43434345434846000C8446DB1963442A
:109780009F4203D9802040028446654448461F0C0E
:1097900000041B04000C7D191818A94200D284E0B3
:1097A00000D17FE001231A4357E680234A461B037A
:1097B00013431B031B0BAA466F4A6FE6BA4200D93C
:1097C00035E74B46DC0758087B081C43FF0734E7A6
:1097D0000024AF4289D247444745A4415B466442D6
:1097E000A4196418013BA6421ED2A0426DD800D134
:1097F000B6E0241A9B4678E703005A46283B9A4075
:109800000027914688E6584601F012F9203072E6AA
:1098100003005246283B9A4093460022B4E6504645
:1098200001F006F920309AE6A642E2D1B845DCD92B
:10983000341A9B4659E71F2B65DC504C0099A4460F
:109840005C46614408008C4011008240D940501EA3
:1098500082410C4314435A46DA401300620709D090
:109860000F222240042A05D02200141D944289416F
:1098700049425B181A0262D50122002300270DE637
:109880008A4200D80AE7831E891907E70F2313408D
:10989000042B00D1E6E5171D9742924153429B44A9
:1098A000FA08E0E5002800D1D7E57118531EB1424F
:1098B00027D3A94215D358D01A0073E7002B00DC38
:1098C00004E6012300229B44CDE50223474447459B
:1098D00089415B429C46494289190C19E344241A88
:1098E00003E743465F0047459B41B8465B429E19EC
:1098F000023A8919A94200D054E7404500D051E707
:10990000ABE51A00F6E71F215F4649420C1BE74012
:10991000202B07D01A49009B8C46634418005B46F5
:1099200083401A43501E82413A43072700231740C1
:1099300009D00F21002311401400042995D12200E1
:109940005F075B021B0BD20817430022A6E58023AA
:1099500059461B030B431B0317001B0B064A9DE5CF
:10996000BD42B2D89B460024BFE68045B9D31A0059
:10997000C3E7C046FF030000FF0700001E0400000D
:109980003E040000F0B54F464646D6468446C0B574
:109990008046194E18030F034D00000B5C008246F1
:1099A0003F0B6D0DC90F9146640DDB0F0120B542D1
:1099B0000AD0B44203D0A54201D157450CD01CBCFB
:1099C00090469946A246F0BD66463E43F7D1AC426A
:1099D000F5D154461443F2D10120C845EFD1994244
:1099E00007D0002DEBD163461F433800471EB84116
:1099F000E5E70020E3E7C046FF070000F0B54F466B
:109A00004646D6464D00C0B50E03C90F8A462C49BE
:109A10001F035C008046360B6D0D91463F0B640DB5
:109A2000DB0F8D421ED08C4216D0002D1ED130434C
:109A30008446002C01D13A4323D06246002A1AD032
:109A40009A4529D0514602200139084001381CBCF2
:109A500090469946A246F0BD39001143E5D0022058
:109A60004042F4E73043FAD1AC420FD0002C0FD182
:109A70003A43E7D00CE00122013B93431800013048
:109A8000E5E763460020002BE1D0DBE73A43E6D16F
:109A90009A45D7D1A542D5DCA54205DBBE42D1D837
:109AA00008D00020BE42D2D250460123013898434C
:109AB0000130CCE7C845C5D80020C845F4D3C6E777
:109AC000FF070000F0B54F464646D6464D00C0B5EC
:109AD0000E03C90F8A462E491F035C008046360BD1
:109AE0006D0D91463F0B640DDB0F8D4218D08C42FB
:109AF00011D0002D18D130438446002C1ED13A439A
:109B00001CD163460020002B30D051460220013981
:109B1000084001382AE039001143EAD0022025E04C
:109B20003043FBD1AC4226D0002C26D13A4324D17D
:109B30005146022001390840013817E06246002AE8
:109B40000FD09A45E1D1A54205DBBE42DDD819D040
:109B50000020BE420AD2504601230138984301300A
:109B600004E00122013B9343180001301CBC9046E5
:109B70009946A246F0BD3A43D0D19A45C5D1A542F7
:109B8000C3DCE0E7C845C0D80020C845E3D3EDE713
:109B9000FF070000F0B55746DE464E464546E0B5A5
:109BA000834606000F03480087B092461D003F0B16
:109BB000400DCC0F002800D16FE0DE4B984238D02A
:109BC0008023FF001B041F43730F3B430193DA4BB9
:109BD0000027994600239B46F60081442B03690029
:109BE0001B0B52469846490DED0F002900D185E028
:109BF000D04B994200D173E04346DA0080231B0426
:109C000013435246CC48520F844613435246002019
:109C10006144D20089442100694000918C460121B1
:109C200049448A460F2F00D990E0C449BF00CF595C
:109C3000BF465B463B43019300D06AE102230827FD
:109C4000002681469B46C9E732005846019B614683
:109C50000091022800D175E0032800D1FEE101281F
:109C600000D02CE100230027002600253F032A0D09
:109C70003F0BB34812053A4302401B051343009AB9
:109C80005B00D1075B080B433000190007B03CBCF8
:109C900090469946A246AB46F0BD5B463B430193D6
:109CA00000D12FE1002F00D1A5E1380000F0C0FE67
:109CB00003000B3B1C2B00DD96E11D22D31A5A46F4
:109CC0000100DA405E4608398F4013008E403B4366
:109CD00001939C4B00271B1A994600239B467DE766
:109CE000414653460B4393498C46E144002B00D038
:109CF0001AE102220220174300228CE7134300D10D
:109D00000DE14346002B00D181E1404600F090FE7A
:109D100002000B3A1C2A00DD72E1010043460839BB
:109D20008B4098461D239A1A5346D3401A00434647
:109D3000134352468A404946081A8249894681445B
:109D4000002068E77B4B002700268EE7140C1204E6
:109D5000120C1100370C3604350C794328008C4660
:109D60002E0060436044834656432100300C8046F9
:109D70005846794340440291844506D9884680215B
:109D800049028C46E044414602913604010C360CEF
:109D900000048B4681191E0C1B041B0C0391190037
:109DA00079438C46280075436544A8465843050C02
:109DB00045447743A94203D9802149028C46674430
:109DC000290C8C4639000004000C2D042D18614428
:109DD000AB4405915946049101990F043F0C080CBE
:109DE000390051434243904602008C46090C8B4691
:109DF00062437C4344445C44A04503D9802149022A
:109E000088464244210C884661460904090C8C4668
:109E100039005943434370437E430F0CF618240422
:109E2000BE19644442448C46B34203D980235B028A
:109E300098464044029B61469846049B370443443D
:109E40009B46AB45AD416B420D0405992D0C8C46EC
:109E50007F196744FD18A8465D462D19A542A44107
:109E600093466442A446C344DC448F42BF419845B4
:109E70009B4193459241A445A4415B427F421F43CD
:109E8000360C52426442BF192243BF18624638184A
:109E90004302D20D039913436A020A43501E8241C2
:109EA0006146ED0D2A434E023243D90100D4B3E09E
:109EB0000126500832400243DE0732435B08224C41
:109EC0005444002C62DD510709D00F2010400428B3
:109ED00005D0101D9042924152429B180200D901B8
:109EE00004D580241948E4000340544418488442AF
:109EF00000DD27E75E075B02D2081F0B63051643F0
:109F00005B0DB2E6002399460133042700269B46E9
:109F100064E60323019781460C279B465EE60122F7
:109F200001201743002276E6032303201F43434604
:109F300071E6C046FF07000001FCFFFFB0EC000027
:109F4000FFFF0F800DFCFFFFFF030000FFFFFFFE80
:109F5000FE0700000023802700933F030026434BA9
:109F600083E6019B3200A446584670E6AC466EE696
:109F7000802701993F0339422DD03B422BD11F430B
:109F80003F033F0B00951600384B6EE601252D1B55
:109F9000382D00DD66E61F2D40DC35481C0050449E
:109FA000160082408440EE40501E824134431443E8
:109FB000EB40620709D00F222240042A05D022007C
:109FC000141D9442804140421B181A023ED50123C1
:109FD0000027002649E68027019B3F031F433F03DC
:109FE0003F0B0094214B40E603005A46283B9A4021
:109FF000002601926DE6584600F01AFD203057E623
:10A0000003005246283B9A401300002293E6504634
:10A0100000F00EFD20307BE6CA4650E71F201E00F0
:10A020004042041BE640202D03D0124C5444A34070
:10A030001A43501E8241324307260027164009D09A
:10A040000F200023104014000428B9D122005E071D
:10A050005B021F0BD2081643002306E680273F034E
:10A060001F433F033F0B1600004BFEE5FF070000B8
:10A070001E0400003E040000F8B557464E46454613
:10A08000DE460C000903E0B5490A460F5F00314384
:10A090001E03DB0F760A9B46530F3343C84E650001
:10A0A000C000E40FD2006D0DA24681467F0D9C4694
:10A0B0009046B74200D1B9E05B46012673409B460B
:10A0C000EE1BA34500D183E0002E63DD002F00D0FE
:10A0D000B1E06346134300D123E1731E002B00D08F
:10A0E000BAE1861A6346B04280410125C91A40424E
:10A0F000091A0B0200D447E149024B0A984643462D
:10A10000002B00D189E1404600F092FC0300083B9F
:10A110001F2B00DD7CE120223000D21A4146D040C6
:10A12000994002009E400A439D4200DD6AE15D1BAA
:10A130006B1C1F2B00DD94E1202110003500C91A93
:10A140008E40DA408840DD40711E8E4111000722AA
:10A150002843002506433240002A09D00F2333400C
:10A16000042B05D0331DB342B641764289191E0037
:10A170000B0200D43DE26A1C914B55056D0D9A42CD
:10A1800000D119E18F4AF6080A40570752023743B7
:10A19000120B9BE0002E00D0C5E06E1C7605760DFC
:10A1A000012E00DC48E16746861ACB1BB042BF4156
:10A1B0007F42B8461F004346FF1A3B00B8461B02C9
:10A1C00000D55FE137439AD100220024002579E0D1
:10A1D000002E00DCFAE0002F00D18DE0784B9D428C
:10A1E00067D0802367461B041F43BC46382E00DC23
:10A1F00052E1634613435A1E93411E188642804122
:10A20000404209180B0200D4BEE06D4B01359D425F
:10A2100000D1D2E06B4A73080A4001210E401E4370
:10A220005108D30707221E43324095E71E0016430C
:10A2300000D045E740E7624B9D423AD08023674615
:10A240001B041F43BC46382E00DDEBE01F2E00DC54
:10A250003AE133006746203BDF403B00202E05D02B
:10A260004027BF1B6646BE40324390464646721E9C
:10A2700096413343DAE0002B00D114E263461343E6
:10A2800000D168E180234E07C008C9081B030643BC
:10A29000194208D06046C008184204D16346010044
:10A2A000D2085E071643F3009946C900720F444D69
:10A2B00011434B46DE08424B4F073743CA089D42C5
:10A2C00000D16EE012036D05120B6D0D002112031B
:10A2D000130B0A0D12051A433B4B2D0513402B435C
:10A2E0005B00E4075B082343380019003CBC904640
:10A2F0009946A246AB46F8BD6346134311D0731E80
:10A30000002B00D007E1861886428041614440421C
:10A31000091801250B0237D502257BE73E0061466F
:10A3200091463500C5E75C46002D00D0E1E00B000A
:10A330000343F3D0731C00D1ACE1214B9F4200D109
:10A340003AE1F343382B00DD6FE11F2B00DD8CE198
:10A3500020250E00ED1AAE40B0460600AA46DE40AB
:10A36000454635432E005546D940A8406346451E14
:10A37000A8415B1A9C463043161AB242924163468A
:10A380005242991A3D00B4E607223240002A00D01A
:10A39000E4E60B4BF6084F073743CA089D4200D04E
:10A3A00090E73B00134300D1A6E180231B031A432F
:10A3B0001203120B024D89E715000022002785E7E2
:10A3C000FF070000FFFF7FFFFFFF0F80002E00D080
:10A3D000C7E06B1C5E05760D012E00DCF0E0C84D79
:10A3E000AB4200D1B9E085180A0085428941624438
:10A3F000494251180722CE076D082E4349083240C2
:10A400001D00A9E6BF49ED1A114007223240A3E61C
:10A41000320028388240002686E6300000F008FB33
:10A42000203073E6634613435A1E9341C61AB04266
:10A4300080414042091A5CE60E0067460643174316
:10A44000002D5ED1002E00D0F3E0002F00D11EE1E0
:10A450005C46614691462CE7A94FBE427BD01E0068
:10A46000F1E610001F3DE840202B03D04021CB1A1D
:10A470009A401643731E9E41072206433240002134
:10A48000002583E7161A6346B2428041591A4042BA
:10A490000B1A98465C4632E61F2E00DDABE0202703
:10A4A000BB1B9A4663465746BB40994613004F462E
:10A4B000F3401F433B005746BA40571EBA4113436F
:10A4C0006246F240891898E62027BB1B9A466346ED
:10A4D0005746BB40994613004F46F3401F433B008D
:10A4E0005746BA40571EBA4113436246F240891A92
:10A4F0009CE7834B9F425FD080252D047342294304
:10A5000020E7002E0CD1002F00D1D0E05C46614640
:10A5100091467B4DCDE67A4FBE421CD01E0065E6CB
:10A52000002F18D0C0084E0706438020C90800033A
:10A53000014208D06346DC08044204D12100DA4617
:10A54000D2085E071643F300994601245346C9001A
:10A55000720F11431C406A4DABE61D00002200271C
:10A56000B4E6002D59D10B00034300D1D6E6731C8D
:10A5700000D1B2E0624B9F421ED0F343382B6FDC18
:10A580001F2B00DD97E020250E00ED1AAE40B046EF
:10A590000600AA46DE40454635432E005546A840F3
:10A5A000D940451EA8418C440643B61896429241B4
:10A5B000514261443D0025E63D006146914678E602
:10A5C0000B000343002D00D055E6002BF5D0634669
:10A5D000134300D16DE686188642804161444042B3
:10A5E000091800220B0200D4D0E6464B0135194071
:10A5F000B2E5B1465DE633006746203BDF403B00F5
:10A60000202E05D04027BF1B6646BE4032439046F1
:10A610004646721E96413343EFE5394B9F42CBD0FD
:10A6200080252D0473422943A8E70843411E884131
:10A63000A2E6002F00D13CE66346861ACF1AB0424C
:10A640009B415B42FB1A98461B024ED5161A634685
:10A65000B2429241591A5242891A5C4600227BE565
:10A6600001430E00711E8E419FE71D000E00203D2C
:10A67000EE40B046202B04D04025EB1A9940084309
:10A68000814648464346411E8841184374E60022ED
:10A69000002417E6161A6346B2429241591A5242F2
:10A6A000891A3D0025E561469146154D01E6802257
:10A6B0000024120379E61D000E00203DEE40B04656
:10A6C000202B04D04025EB1A9940084381464E4682
:10A6D0004346711E8E411E4367E7861896429B4192
:10A6E00061445B42C9183D008CE547463743CED0F4
:10A6F00007224146324049E600273A00E6E5C046D7
:10A70000FF070000FFFF7FFF70B50C4E0D031C0319
:10A7100049005B002D0B490D240B5B0DB14208D0A5
:10A72000064900208B4203D114432000441EA0415F
:10A7300070BD05430120002DFAD1F1E7FF070000AD
:10A7400030B5144D0A034B00120B5B0DC90F0024EA
:10A75000AB4211DD104CA34210DC80246403224381
:10A760000E4CE41A1F2C0CDD0D48C31ADA401300FE
:10A770005C42002900D11C00200030BD094BCC18E0
:10A78000FAE7094DE040AC4663449A4013000343A6
:10A79000EEE7C046FE0300001D0400003304000085
:10A7A00013040000FFFFFF7FEDFBFFFF70B50028E3
:10A7B0002DD0C317C5185D40C40F280000F038F92C
:10A7C000154B1B1A5B055B0D0A2815DD0B38854000
:10A7D00000222D032D0B002110002D030A0D2D0B3F
:10A7E00012052A430D4D1B052A4013435B00E40765
:10A7F0005B082343190070BD020029001532914007
:10A800000A000B21081AC5402D032D0BE3E7002495
:10A81000002300250022DEE71E040000FFFF0F805A
:10A8200010B5041E25D000F003F9144B1B1A5B056C
:10A830005B0D0A2812DD0B38844000222403240B10
:10A840000021100024030A0D240B120522430C4C96
:10A850001B05224013435B00590810BD0200210074
:10A86000153291400A000B21081AC4402403240B1E
:10A87000E6E7002300240022E2E7C0461E040000B1
:10A88000FFFF0F804100090E4B1C70B5DBB2460282
:10A89000750AC40F012B14DDE0239B006D07360BF6
:10A8A000CB1800210A0D280012051C4D32435B0510
:10A8B0002A405B0813435B00E4075B08234319004D
:10A8C00070BD002914D1002D1ED0280000F0B0F872
:10A8D0000A281CDC0B232A001B1ADA40030015335C
:10A8E0009D400F4B12031B1A5B05160B5B0DD8E73F
:10A8F000002D06D0320B802636036D071643094B18
:10A90000CFE7084B0026CCE700230026C9E7030069
:10A910002A000B3B9A400025E3E7C046FFFF0F806B
:10A9200089030000FF070000F0B54C00640D0B0325
:10A93000621C5B0A460F5205C90F1E43C500520D2B
:10A94000012A29DD374BE718FE2F1CDC002F3BDDE9
:10A950008001431E98410722F3006D0F03432B43F0
:10A960001A40002A04D00F221A40042A00D00433CF
:10A970008022D2041A4024D00137FAB2FF2F02D02D
:10A980009B01580A01E0FF2200204002D205400A44
:10A99000C90710430843F0BD3543002C04D1002DF6
:10A9A0000AD100220020F0E7002DECD08020C00367
:10A9B0003043FF22E9E7002400235B02580AE2B299
:10A9C000E3E7DB083C00F8E73B001733F3DB8023C9
:10A9D0001B0433431E26F61B1F2E14DD0222524297
:10A9E000D71B1A00FA401700202E04D00E4A9446B6
:10A9F0006444A3401D432B005D1EAB4107223B4333
:10AA00001A400027ADE7094A2800A2189540934054
:10AA10006C1EA541F04007222B4303431A40002738
:10AA20009FE7C04680FCFFFFA2FCFFFF82FCFFFF08
:10AA30001C2101231B04984201D3000C10391B0A6E
:10AA4000984201D3000A08391B09984201D3000932
:10AA5000043902A2105C40187047C0460403020289
:10AA600001010101000000000000000010B50029F4
:10AA700003D1FFF7DDFF203002E0081CFFF7D8FF0D
:10AA800010BDC04610B5040004481300002804D0CF
:10AA90000A000220210000E000BF10BD00000000FD
:10AAA00070B500260C4D0D4C641BA410A64209D1B4
:10AAB000002602F01BFE0A4D0A4C641BA410A6429D
:10AAC00005D170BDB300EB5898470136EEE7B300EF
:10AAD000EB5898470136F2E7E8020020E802002030
:10AAE000E802002004030020EC30006870470000FA
:10AAF000044B1B681B6A002B00D1034BEC33186816
:10AB00007047C046180100207C01002010B5034B9F
:10AB10000100186800F08EF810BDC0461801002032
:10AB200010B5034B0100186800F03AF810BDC0469C
:10AB30001801002082B0002900D101A9101E06D002
:10AB4000002B06D013780B601078431E984102B09A
:10AB5000704702204042FAE7002310B59A4200D124
:10AB600010BDCC5CC4540133F8E710B5884202D95B
:10AB70008B18984203D3002307E08B5C8354013A7F
:10AB8000FBD210BDCC5CC45401339A42FAD1F8E731
:10AB900003001218934200D1704719700133F9E78E
:10ABA00070B50500002910D00C1F2368002B00DAB7
:10ABB000E418280001F0C3FC1D4A1368002B05D1DE
:10ABC00063601460280001F0BBFC70BDA34209D98A
:10ABD000216860188342F3D118685B6841182160CE
:10ABE000EEE713005A68002A01D0A242F9D9196889
:10ABF0005818A0420BD120680918581819608242D1
:10AC0000E0D110685268411819605A60DAE7A04232
:10AC100002D90C232B60D5E721686018824203D14A
:10AC2000106852684118216062605C60CAE7C046E3
:10AC3000EC140020032370B5CD1C9D43083506009D
:10AC40000C2D1ED20C25A9421DD8300001F077FC36
:10AC5000254A14682100002919D1244C2368002BAF
:10AC600003D1300000F0A2FC20602900300000F089
:10AC70009DFC431C2BD10C233000336001F060FCA1
:10AC800003E0002DDFDA0C233360002070BD0B6879
:10AC90005B1B19D40B2B03D90B60CC18256003E088
:10ACA0004B688C420DD11360300001F049FC20004C
:10ACB00007220B30231D9043C31AE7D05A42E250BB
:10ACC000E4E763600C00EFE70C004968C3E7032387
:10ACD000C41C9C43A042E1D0211A300000F066FC65
:10ACE000431CDBD1C7E7C046EC140020F014002061
:10ACF000F0B58BB014001D1E129953DA802424067F
:10AD00001B191D0014002D230B702023149E0322F9
:10AD10009E43462E07D03300453B59424B41109984
:10AD2000013ACB18109309AB049308AB0393139B20
:10AD300000920293109B220001932B0000F008FE6A
:10AD40000700472E02D1119BDB0724D5109BFB186F
:10AD50000793462E14D13B78302B0CD100220023D0
:10AD600020002900FDF778FA002804D10123109A69
:10AD70009B1A139A1360139B079A1B68D3180793A7
:10AD80000022002320002900FDF766FA3022002867
:10AD90000DD0079B09933800099B159ADB1B1360A4
:10ADA0000BB0F0BD0023AFE7591C09911A70099B45
:10ADB00007998B42F8D3EEE7F0B5831C85B0019379
:10ADC00006000C0002702B23002901DA2D234C42CF
:10ADD0007370092C22DD02ABDD1D20000A21FDF776
:10ADE00025FA6F1E3031397020000A21FDF738F93D
:10ADF000040009280BDC023D3034019B2C7002AAB0
:10AE000007321800AA4204D8801B05B0F0BD3D00EF
:10AE1000E3E72A7801351A700133F0E73023E418AC
:10AE2000B370301DF470EFE7F0B595B00C000A92E6
:10AE30000B931A9D099001F06BFB036818000C93AB
:10AE400000F04CFC0023129323680E900D930D9993
:10AE5000277E2B680722C90545D59B1893431A0006
:10AE600008322A601A685B68A264E3640122E56C18
:10AE7000A66C6B005B080F935242AC4B30000F99ED
:10AE8000FFF742FC002830D10122A84B524230008B
:10AE90000F99FDF7F1F9002827D100220023300097
:10AEA0002900FDF7DFF9002803D023002D224333CA
:10AEB0001A709F4D472F00D89E4D032300260D9AF0
:10AEC000236101339A4322600B9B13AA0093210054
:10AED0000A9B099800F0F4F9431C00D093E001208C
:10AEE000404215B0F0BD0733B8E732002B00300008
:10AEF0002900FFF709FC002804D08F4D472FDCD82C
:10AF00008E4DDAE780230D996268DB000B43511CFC
:10AF100043D10732626012AA0021059211AA03925E
:10AF2000232223600691019308A9636852180292B4
:10AF3000009332002B0004970998FFF7D9FE2023D5
:10AF40003A0005009A43472A07D1119BDA1C02DB1D
:10AF50006268934245DD023FFFB21199652F25D803
:10AF6000200001393A0050301191FFF725FF129A65
:10AF7000060013182361012A02DC2268D20701D5DA
:10AF800001332361232308AA9B181B78002B9BD035
:10AF900023002D2243331A7096E7672F00D176E104
:10AFA000472FB8D1002AB6D10122B3E7662F19D1B5
:10AFB000636800290CDD2161002B02D12268D207D1
:10AFC00002D501335B182361119B0026A365D9E7E5
:10AFD000002B03D101222168114200D09A1C22616A
:10AFE000F2E76727119B129A934205DB22682361DF
:10AFF000D207E9D50133E6E70121002B01DC49182E
:10B00000C91A5218EBE72268530508D423692A00AD
:10B010000A9909980B9DA847431C29D15FE7652F22
:10B0200000D8E0E0A06CE16C00220023FDF714F9E9
:10B03000002834D00123424A0A9909980B9DA84759
:10B04000431C00D14BE7119B129A934202DB236809
:10B05000DB070DD50B9D0E9B0C9A0A990998A84702
:10B060000025431C00D13AE7129B013BAB420ADCAE
:10B0700023689B0700D508E1139BE068984200DB3A
:10B080002FE718002DE7220001231A320A990998A8
:10B090000B9EB047431C00D121E70135E4E7119B2B
:10B0A000002B2DDC0123264A0A9909980B9EB047F4
:10B0B000431C00D113E7119B002B05D1129B002BE1
:10B0C00002D12368DB07D3D50B9E0E9B0C9A0A99FD
:10B0D0000998B0470026431C00D100E7119B5B4252
:10B0E000B34201DC129B92E7220001231A320A9933
:10B0F00009980B9FB847431C00D1F0E60136EDE7F5
:10B10000A36D129F9F4200DD1F00002F08DD3B0052
:10B110002A000A9909980B9EB047431C00D1DEE62D
:10B1200000230D93FB43DB170F9318E0FFFFEF7F26
:10B13000FEEC0000FAEC000006ED000002ED00005D
:10B1400003D90000220001231A320A9909980B9EA4
:10B15000B047431C00D1C2E60D9B01330D930F9BFA
:10B16000A66D0D9A3B40F31A9342EBDC119B129AA9
:10B17000AD19934210DB2368DB070DD4129F119B9E
:10B18000BE1BFF1AB74200DD3700002F0DDCFE4367
:10B19000F31700250C931CE00E9B0C9A0A99099852
:10B1A0000B9FB847431CE9D199E63B002A000A9956
:10B1B00009980B9DA847431CE9D190E62200012382
:10B1C0001A320A9909980B9EB047431C00D186E6B3
:10B1D0000135119A129B0C999B1A3A000A409B1A4E
:10B1E000AB42EBDC44E7129B012B02DC01231A4249
:10B1F00032D001232A000A9909980B9FB847431CB3
:10B2000000D16CE60E9B0C9A0A9909980B9F0135A8
:10B21000B847431C00D162E6A06CE16C129B00228F
:10B220005F1E0023FDF718F83B00002814D000250E
:10B230000AE0220001231A320A9909980B9FB847A5
:10B24000431C00D14BE60135129B013BAB42F0DCC5
:10B25000220033005032DBE62A000A9909980B9D40
:10B26000A847431CF4D13AE62200012319320A9977
:10B2700009980B9EB047431C00D130E60135E368C6
:10B28000139A9B1AAB42EFDCF6E60025F7E7002A9B
:10B2900000D189E60021069112A9059111A9039117
:10B2A000232108A809182360019300922B0004971A
:10B2B000029132000998FFF71BFD050045E6C046E4
:10B2C000F7B5150001938A680B6900900C00934252
:10B2D00000DA130022002B6043321278002A01D0DA
:10B2E00001332B6023689B0602D52B6802332B6049
:10B2F000062723681F4027D0230043331B785A1E9C
:10B3000093412268920630D422000199433200987A
:10B31000089EB047431C25D0062320682A68E168B0
:10B3200003400025042B03D18D1AEB43DB171D408E
:10B33000A3682269934201DD9B1AED180027BD42E4
:10B3400020D1002010E00137E3682A689B1ABB4235
:10B35000D2DD22000123193201990098089EB047DE
:10B36000431CF0D101204042FEBD3020E1184331A2
:10B37000087021005A1C45310978A2184332023363
:10B380001170C1E7220001231A3201990098089E2A
:10B39000B047431CE6D00137D1E70000F0B589B0D3
:10B3A00004920A0043320593039002920A7E0C0035
:10B3B0000E9B6E2A00D186E01FD8632A33D008D8AE
:10B3C000002A00D18CE0582A4DD0250042352A7041
:10B3D00030E0642A01D0692AF7D1196825680A1D6E
:10B3E000280629D508681A60002803DA2D23029A56
:10B3F000404213706B4E0A274FE0732A74D008D86E
:10B400006F2A1FD0702AE0D1202209680A432260E7
:10B4100003E0752A16D0782AD7D122007821453248
:10B420001170614E22E025001A684235111D196025
:10B4300013682B70012365E008681A606906D3D58C
:10B4400000B2D1E719682568081D186008682E0643
:10B4500005D5544E08276F2A1BD00A2719E06D0620
:10B46000F7D580B2F5E745314E4E0A70186822686C
:10B47000011D00681960150621D5D30702D52023C8
:10B480001A4322601027002803D1202322689A4300
:10B4900022602300002243331A706368A360002BEC
:10B4A00058DB0422216891432160002854D1029D79
:10B4B000002B5AD02500337842352B7055E05506C5
:10B4C000DBD580B2D9E71A680D68101D496918608C
:10B4D00013682E0601D5196002E06D06FBD51980B0
:10B4E0000023029D23614FE01A68111D1960156841
:10B4F00000216268280001F017F8002801D0401BE5
:10B500006060636823610023029A13703CE0236942
:10B510002A0004990398059DA847431C3ED0236840
:10B520009B0715D4079BE068984239DA180037E08A
:10B5300022000123193204990398059EB047431C49
:10B540002CD00135E368079A9B1AAB42F0DCE9E79F
:10B550000025F7E70028ADD0029D3900FCF77CFDFF
:10B56000735C013D2B700028F7D1082F09D12368A7
:10B57000DB0706D563682269934202DC3023013D74
:10B580002B70029B5B1B2361059B07AA0093210084
:10B59000049B0398FFF794FE431CB8D1012040425E
:10B5A00009B0F0BD0AED00001BED0000002370B5EE
:10B5B000064C05000800236002F08AF8431C03D102
:10B5C0002368002B00D02B6070BDC046F81400200B
:10B5D0000CB430B5164B9DB00C1E1D6808DA8B23D9
:10B5E00001202B6040421DB030BC08BC02B018479F
:10B5F000822302A99B008B810023029008619C4258
:10B6000000D0631E8B604B6101235B42CB81209A8B
:10B6100021AB2800019301F011FB431C01DA8B23BD
:10B620002B60002CDFD00023029A1370DBE7C046AA
:10B63000180100200EB400B50B499CB01DAB029060
:10B640000690079104910948094904CB05910068C7
:10B6500002A9019301F0F2FA0023029A13701CB0C0
:10B6600008BC03B01847C046FFFFFF7F1801002049
:10B670000802FFFF0EB4812370B59DB002AC21AD6E
:10B680009B0040CDA3810290069000F027F80B4B61
:10B69000606063620023606109486363A364013BE7
:10B6A000E38132002B0021000068019501F020FCAD
:10B6B0001DB070BC08BC03B01847C046C5B600003A
:10B6C000180100200020704702780B78002A03D070
:10B6D000013001319A42F7D0D01A70470023C25C82
:10B6E0000133002AFBD1581E70470000F0B51F003F
:10B6F0000E0087B00590019102920C983478FFF704
:10B70000F3F9082200194378751C134036D12D2C0B
:10B7100036D1B51C74780126002F62D0102F09D1C4
:10B72000302C07D120222B789343582B54D110274B
:10B730006C7802352D4B3900F31818000393FCF791
:10B740008BFC049101210023494202008C46180021
:10B750002100303909291AD80C00A74223DD591CD1
:10B7600009D06346824206D302D10499A14202DB8A
:10B770000123784320182C780135E9E72E00BCE737
:10B780002B2C01D01E00C7E7B51C7478FAE7210006
:10B790004139192901D8373CDFE7210061391929DE
:10B7A00001D8573CD9E75A1C08D1059A23331360B6
:10B7B000029B0398002B09D107B0F0BD002E00D0EA
:10B7C0004042029A002AF7D0002B01D06B1E019351
:10B7D000029B019A1A60EFE73024002FAAD10827B4
:10B7E000A8E7302C9ED00A27A4E7C046FFFFFF7FC2
:10B7F00013B5054C2468246A002C00D1034C009436
:10B80000FFF774FF16BDC046180100207C01002020
:10B8100010B50400FFF76CF90322001943781340B8
:10B82000022B00D1203C200010BD0B1E04D0FF2AAB
:10B8300004D98A2303608B3B180070470A700123E8
:10B84000FAE7F0B503690C6989B007000591002695
:10B85000A34265DB0B00013C1433A50003935B1985
:10B8600004930300143302935D19049B28681B683A
:10B87000591C0193FCF76AFB0190B04229D0039B4D
:10B8800002989C460696624608CA9446019A99B266
:10B8900051431B0C534389190A0C9B1807931E0C28
:10B8A000036889B29AB2069BD2180368521A190C1F
:10B8B0006B469B8BCB1A11145B18191492B21B04A4
:10B8C0001A43049B069104C06345DCD22B68002B0D
:10B8D0002DD00599380001F049F800281FDB00251C
:10B8E000019B0298013303990193026808C992B23F
:10B8F00055199AB2AA1A05681B0C2D0CEB1A1514CF
:10B900005B191D1492B21B04134308C0049B8B42A5
:10B91000EBD2029AA300D3181A68002A11D0019E14
:10B92000300009B0F0BD2B68002B04D1013C029B14
:10B93000043DAB42F7D33C61CBE71A68002A04D13F
:10B94000013C029A043B9A42F7D33C61E7E70000CE
:10B95000F0B516001F00446A9BB00290239D069626
:10B960000797002C08D11020FFF7D0F8029B5862EF
:10B97000446084600460C460029B5B6A19680029AB
:10B980000BD05A68012393404A608B60029800F004
:10B9900010FE0022029B5B6A1A60002F20DA01234E
:10B9A0002B607B005B080793079CB24B2200179328
:10B9B0001A409A4217D1B04B229A1360069B002B73
:10B9C00003D1240301D100F087FDAC4B249A0893E6
:10B9D000002A02D0AA4B249A136008981BB0F0BD2D
:10B9E00000232B60E0E7069E079F00220023300023
:10B9F0003900FCF731FC051E0BD00123229A13609D
:10BA0000A04B249A0893002AE7D09F4A24990A6001
:10BA1000E3E718AB019319AB009332003B000298A7
:10BA200001F022F8630003905B0D74D03A03974C49
:10BA3000120B14432100964A300016959E180022DE
:10BA4000944BFEF719FB944A944BFEF7A3F8944AE3
:10BA5000944BFDF779F9040030000D00FEF7A6FEC7
:10BA6000914A924BFEF796F802000B002000290045
:10BA7000FDF76AF904000D00FEF762FE00220700E0
:10BA8000002320002900FCF7EDFB002809D0380036
:10BA9000FEF78CFE2B002200FCF7DEFB43425841F0
:10BAA0003F1A01231493162F0DD88149FB00C918A2
:10BAB00008684968069A079BFCF7E8FB002846D00F
:10BAC0000023013F1493189B9E1B00230A9333000D
:10BAD000013B0B9304D501239B1B0A9300230B937B
:10BAE000002F36DB0B9B1197DB190B93002304937C
:10BAF000209B0124092B00D984E0052B02DD0024C2
:10BB0000043B2093209B981E032800D984E0FCF777
:10BB100013FA7577286A189B199A9E18654BF218C4
:10BB2000202A0FDD40239B1A9C40634B0698F31894
:10BB3000D8402043FEF774FE0123604C013E0919F2
:10BB400016937CE7202306989B1A9840F2E71490FE
:10BB5000B9E70A9BDB1B0A937B42049300231193F2
:10BB6000C6E701230D93219B002B59DD0C9309930C
:10BB7000029A556A00226A60043210001430696823
:10BB8000984252D9029800F0DCFC029B28605B6A64
:10BB90001B680893099B0E2B00D90AE1002C00D1E9
:10BBA00007E1069B079C12931394002F00DC89E0A9
:10BBB0000F213A003E4B0A40D2009B181D685E6878
:10BBC00002233C110E93E3060BD53D4B0C401A6A41
:10BBD0005B6A12981399FDF7D3FB03230690079134
:10BBE0000E9300233AE001230D93219BFB180C9345
:10BBF00001330993002BBBDC0123B9E70023B1E734
:10BC00000023F1E700230D942093013B00220C93C5
:10BC1000099313332192ABE701230D93023BF5E720
:10BC200001230C9309931A00F4E701316960520073
:10BC3000A3E701231C420ED00E9B214A01330E9331
:10BC4000109B2800DB009B1831001A685B68FDF729
:10BC5000A1FF05000E00109B641001331093002C0F
:10BC6000E7D1069807992A003300FDF789FB069073
:10BC7000079142E00000F07F0F27000036EE000041
:10BC800039EE000003D9000004D900000000F03FA5
:10BC900001FCFFFF0000F83F61436F63A787D23FBD
:10BCA000B3C8608B288AC63FFB799F501344D33FAB
:10BCB000C8EE00003204000012040000000010FE74
:10BCC000A0EE000002230E93002F16D012981399B5
:10BCD0007C420D332340CE4ADB00D3181A685B68E0
:10BCE000FDF758FF002301261D000690079124113F
:10BCF000002C00D08CE0002BB9D1149B002B00D17C
:10BD000096E0069C079D0022C24B20002900FCF70C
:10BD1000A9FA002800D18BE0099B002B00D187E015
:10BD20000C9B002B41DDBC4B002220002900FDF7BD
:10BD300031FF0E9B0690079101330E930C9B7E1EE4
:10BD40000E981093FEF732FD069A079BFDF722FF2F
:10BD50000022B24BFCF7F8FFB14A0E900F910E9CF7
:10BD60000F9D94460F9B634415931D00109B002B61
:10BD700061D1069807990022AA4BFEF77DF92200AF
:10BD8000159B06900791FCF781FA002800D0A8E2E5
:10BD9000A5480F99844661440B0006980799220034
:10BDA000FCF760FA002800D095E2129B139C0693E2
:10BDB0000794199B002B00DA5CE10E2F00DD59E19E
:10BDC000934BFA009B185C681B6804930594219BB5
:10BDD000002B00DBD8E0099B002B00DDD4E000D075
:10BDE0007DE20498059900228E4BFDF7D3FE069A5A
:10BDF000079BFCF755FA099B04931E00002800D00E
:10BE00004FE2089B089A5D1C3123013713704BE207
:10BE100034420AD00E9B854A01330E93EB009B18E7
:10BE20001A685B68FDF7B6FE3300641001355FE702
:10BE30003E00099B84E7109B0D995A1E744BD2005B
:10BE40009B181A685B68002949D000207849FDF7E3
:10BE500097FA2B002200FEF70FF9089B0E900F9126
:10BE6000159306980799FEF76BFC0400FEF79EFCFD
:10BE700002000B0006980799FEF7FEF8159B303478
:10BE80005D1C1C700E9A0F9B06900791FCF7EAF957
:10BE900000286CD1069A079B00205E49FEF7ECF85B
:10BEA0000E9A0F9BFCF7DEF9002800D0C3E0089B38
:10BEB000109AEB1A9A4200DC77E70E980F9900224D
:10BEC000554BFDF767FE00220E900F9106980799DB
:10BED000514BFDF75FFE159506900791C1E72000D5
:10BEE0002900FDF757FE089C109A230094460E90F7
:10BEF0000F916344159306980799FEF721FC0500FE
:10BF0000FEF754FC0B00020006980799FEF7B4F800
:10BF10003035159B2570013406900791A3422AD134
:10BF20000E980F99089A109B9446634400221D00B6
:10BF30003F4BFCF709FF02000B0006980799FCF73E
:10BF4000A5F9002800D076E00E9A0F9B0020384912
:10BF5000FEF792F802000B0006980799FCF782F9A9
:10BF6000002800D121E76B1E1A78302A01D0370053
:10BF70003FE01D00F7E7069807990022264BFDF7E2
:10BF800009FE06900791B6E7089E049A059B06985D
:10BF90000799FDF7F5F9FEF7D3FB0400FEF706FC61
:10BFA000049A059BFDF7F6FD02000B000698079921
:10BFB000FEF762F8230030333370099A089B751C32
:10BFC000EB1A9A4248D102000B00FCF7BDFE049A1E
:10BFD000059B06900791FCF759F900282AD1049A8D
:10BFE000059B06980799FCF737F9002801D0E3076D
:10BFF00020D40399029800F0DCFA00232B70229BD6
:10C0000001371F60249B002B00D1E6E41D60E4E4AF
:10C01000C8EE00000000F03F0000244000001C407B
:10C020000000C0FC000014400000C07CA0EE000036
:10C030000000E03F3E006B1E1A78392A06D1089AAC
:10C040009A4207D130231370130001361A78013257
:10C050001A708CE71D00EEE70022A44BFDF79AFD55
:10C0600000220023069007912E00FCF7F5F8002827
:10C070008BD0BEE70D9A002A00D1DAE0209A012A7F
:10C0800000DDBDE0169A002A00D1B5E0984A9B1861
:10C09000049D0A9C0A9A0121D2180A920B9A0298CE
:10C0A000D3180B9300F025FB0600002C0EDD0B9B34
:10C0B000002B0BDD0B9A2300944200DD13000A9A3B
:10C0C000E41AD21A0A920B9AD31A0B93049B002BF0
:10C0D0001FD00D9B002B00D1AFE0002D11D03100FF
:10C0E0002A00029800F09EFB039A010006000298C5
:10C0F00000F008FB03991090029800F05AFA109B88
:10C100000393049B5A1B04D00399029800F08AFB06
:10C1100003900121029800F0ECFA119B0490002B8F
:10C1200000D1E3E11A000100029800F07BFB209BA4
:10C130000490012B00DD82E00025069BAB420ED16E
:10C14000079B1B03AB420AD1179B079A134206D0E9
:10C150000A9B013501330A930B9B01330B93119B0F
:10C160000120002B6CD10B9B18181F2318407ED088
:10C1700001331B1A042B70DD1C23181A0A9B241888
:10C180001B180A930B9B1B180B930A9B002B05DDB6
:10C190001A000399029800F097FB03900B9B002B69
:10C1A00005DD1A000499029800F08EFB0490149BA0
:10C1B000002B5ED00499039800F0D8FB002858DAD1
:10C1C00000230A220399029800F00CFA0D9B013F0C
:10C1D0000390002B00D190E1002331000A22029845
:10C1E00000F000FA0C9B0600002B00DD88E0209B8D
:10C1F000022B00DC84E044E03623189A9B1A47E7C0
:10C20000099B5D1E049BAB4208DB5D1B099B002B59
:10C210000CDA0A9B099A9C1A00233BE7049B0495BD
:10C22000EA1A119B00259B181193EFE70A9C099BC2
:10C2300030E7049D0A9C0D9E37E7049A64E70025C9
:10C24000049B049A1B69109303339B00D31858680E
:10C2500000F006FA2023181A85E7042B95D00A9AD5
:10C260001C33D2180A920B9AE418D3188CE70300F7
:10C27000F5E7099B002B3DDC209B022B3ADD099B57
:10C280000C930C9B002B0CD104990522029800F012
:10C29000A9F904900100039800F068FB002800DD74
:10C2A000AFE5219B089DDF43002309930499029881
:10C2B00000F07FF9002E00D19BE6099B002B05D0F2
:10C2C000B34203D01900029800F073F931000298CC
:10C2D00000F06FF98DE6109B04931E00E1E7002348
:10C2E000FAE7109B370004931E008AE50000244003
:10C2F000330400000D9B002B00D1B2E0099B0C938E
:10C30000002C05DD31002200029800F0DDFA060065
:10C310003000002D11D07168029800F012F9310040
:10C32000040033690C319A1C92000C30FEF714FCA7
:10C3300001222100029800F0C7FA09960600089B26
:10C340000A9304990398FFF77CFA09990D90040069
:10C35000039800F00BFB320010900499029800F053
:10C360001FFB01230B93C36830340500002B04D15D
:10C370000100039800F0FAFA0B902900029800F0EF
:10C3800018F90B9B209A13430ED1069A01331342DE
:10C390000AD1392C26D0109B002B01DD0D9C3134A5
:10C3A0000A9B5D1C1C7081E7109B002B07DB1D00A6
:10C3B000209B1D4322D10123069A13421ED10B9BC1
:10C3C000002BEDDD03990122029800F07DFA04991B
:10C3D000039000F0CBFA002802DCE1D1E307DFD5BF
:10C3E000392CDBD10A9B0A9A5D1C392313706B1E12
:10C3F0001A78392A67D001321A7057E70A9B5D1CF8
:10C400000B9B002B04DD392CECD001340A9BC9E7CF
:10C410000A9B0C9A1C70089BEB1A93423ED0002397
:10C420000A220399029800F0DDF8099B0390B342B9
:10C4300009D100230A220999029800F0D3F8099043
:10C4400006000A957DE7099900230A22029800F068
:10C45000C9F8002309900A223100029800F0C2F8BE
:10C46000EEE7099B0C93089B069304990398FFF74A
:10C47000E8F9069B30305D1C18700C9A089B04008C
:10C48000EB1A9A4208DD00230A220399029800F071
:10C49000A9F806950390E8E7002309930399012280
:10C4A000029800F011FA0499039000F05FFA002856
:10C4B0009DDC01D1E3079AD46B1E1A78302A00D094
:10C4C000F4E61D00F8E7089A9A4203D131230137B8
:10C4D0001370EBE61D008AE70B4B249A08930B4B75
:10C4E000002A01D0FFF777FAFFF777FA209B012B9C
:10C4F00000DC21E6119D012035E60C9B002BB2DC0F
:10C50000209B022BAFDDBCE62DEE000035EE0000D7
:10C51000034B1B68186A002800D10248F0307047AE
:10C52000180100207C010020C9B28218904201D17C
:10C530000020704703788B42FBD00130F6E770474C
:10C54000704770B5466A04000D00002E07D1102018
:10C55000FEF7DCFA6062466086600660C660666A66
:10C56000F368002B13D0636AAA00DB689B18186875
:10C57000002818D101210E00AE40721D920020004B
:10C5800000F0C6FA00280CD0456086600DE021223C
:10C590000421200000F0BCFA636AF060DB68002B25
:10C5A000E1D1002070BD02681A6000230361C360FE
:10C5B000F8E770B5446A06000D00002C07D1102082
:10C5C000FEF7A4FA7062446084600460C460002DC9
:10C5D00007D0736A6A68DB6892009B181A682A6041
:10C5E0001D6070BDF7B51E0014239C4607000C00AB
:10C5F00000200D698C4463461B68013099B2634684
:10C600001B6851431B0C534389190E0C9B1989B2AB
:10C610001E0C1B045B18614608C18C468542EADC8F
:10C62000002E1BD0A368AB4212DC63683800591C93
:10C63000FFF787FF2100236901909A1C92000C31BB
:10C640000C30FEF789FA21003800FFF7B2FF019C99
:10C650002B1D9B00E31801355E6025612000FEBDA7
:10C660000300020C0020824201D11B0410301A0E7C
:10C6700001D108301B021A0F01D104301B019A0F9F
:10C6800001D102309B00002B03DB01305B0000D4A2
:10C69000202070470722036810B501001A400DD012
:10C6A00001240020234205D10230034203D0E3409D
:10C6B00020000B6010BD9B080B60FBE79CB21000D4
:10C6C000002C01D110201B0CDAB2002A01D1083055
:10C6D0001B0A1A0701D104301B099A0701D1023045
:10C6E0009B08DA07E8D45B0801D00130E4E720209A
:10C6F000E0E710B50C000121FFF723FF012344619F
:10C70000036110BDF0B50B691400126989B00D000A
:10C71000934201DA25000C002F6926696968BB196C
:10C720000293AB68BA19934200DA0131FFF709FFAF
:10C730000200BB1914329B00D3189C460021130041
:10C74000049063451DD31435BF00EB191434B600B3
:10C750000593A319039501940793079B01999942A7
:10C7600011D3029B002B06DD04235B429C446346ED
:10C770001B68002B51D0049B029A18001A6109B063
:10C78000F0BD02C3DDE7019B1B6898B200281CD0F6
:10C7900015000026039F02CF2C688BB24343090C7F
:10C7A0004143A4B21B199B190E0029680695090C78
:10C7B00071181E0C89190E0C9BB209040B4308C595
:10C7C000059BBB42E7D8069B5E60019B1B681D0C66
:10C7D0001ED0100000271368039E3168046889B2D8
:10C7E0006943240C0919C9190F049BB23B43036028
:10C7F00080CE43683F0C6F439BB2FB18090C5B185B
:10C80000059906901F0C0430B142E6D806994B609A
:10C81000019B0432043301939FE7029B013B029387
:10C820009FE700000323F7B5134005000E00140036
:10C83000002B08D02249013B9A00525800233100B6
:10C84000FFF7D0FE0600A310019336D06C6A002CCF
:10C8500007D11020FEF75AF96862446084600460D2
:10C86000C4606F6ABC68002C07D116492800FFF726
:10C8700040FF00230400B86003600122019B1342C3
:10C880000AD0310022002800FFF73CFF07003100EA
:10C890002800FFF78EFE3E00019B5B1001930CD039
:10C8A0002068002807D1220021002800FFF72AFF76
:10C8B0000023206003600400DFE73000FEBDC046B7
:10C8C00090EF000071020000F0B50D0017002B6919
:10C8D000541185B0E3180193013300934968AB68A4
:10C8E0000290009A934235DB0298FFF72AFE00235C
:10C8F0000200060019001432A3422EDBE343DB17CB
:10C900001C402B00A40014192A69143392009A18B1
:10C9100094461F22174024D00132D21B03920022DA
:10C9200019682000B9400A4304C404CB0399CA40E3
:10C930009C45F5D84260002A02D0019B0233009347
:10C94000009B0298013B33612900FFF732FE300063
:10C9500005B0F0BD01315B00C3E798001150013311
:10C96000CAE704CB04C49C45FBD8E9E70A6903691C
:10C9700030B59B1A0DD192001430143184188918E7
:10C98000043C043925680A68954204D00123954285
:10C9900004D3180030BDA042F2D3FAE75B42F8E7B7
:10C9A000F0B50D0085B00700110028001400FFF756
:10C9B000DDFF061E08D101003800FFF7C2FD01238C
:10C9C0004661036105B0F0BD01230193002804DB3B
:10C9D00023002C001D000023019361683800FFF73D
:10C9E000B0FD2F000022019B2669C3601434B30000
:10C9F000E31802932B6914379B00FB180393030081
:10CA00009446143320CC04CF0192AAB294446A46CF
:10CA1000614692882D0C8A1A0199090C691A15141D
:10CA200049190D1492B209040A431A60039AAC46DC
:10CA30000433BA42E6D802991A008C4205D3043A6C
:10CA40001368002B0ED00661BCE704CC91B26144A0
:10CA50000D14120C5219151489B212040A43AC4673
:10CA600004C3E8E7013EEAE7F7B51D000121140021
:10CA7000089FFFF766FD2B036D0006001B0B6D0D75
:10CA800024D10193002C27D068460094FFF702FEC2
:10CA9000009C00281ED0019B20211A00091A8A4000
:10CAA000C340224372610193019CB461631E9C41A7
:10CAB00001343461002D18D0124BED1835232D1898
:10CAC0003D60181A099B18603000FEBD8022520399
:10CAD0001343D6E77461E7E701A8FFF7DBFD012404
:10CAE000019B346173612030E4E7074BC018074BAA
:10CAF0003860E3189B00F3185869FFF7B1FD640133
:10CB0000201ADFE7CDFBFFFFCEFBFFFFFFFFFF3F5C
:10CB10004A4370B511001400FEF78CF8051E03D0CF
:10CB200022000021FEF734F8280070BDF8B5070098
:10CB30000D001600002905D11100FEF77BF8040056
:10CB40002000F8BD002A03D1FEF72AF83400F7E7E9
:10CB500000F0B6FD2C00B042F2D231003800FEF7F2
:10CB600069F8041EECD029003200FDF7F5FF29001A
:10CB70003800FEF715F8E3E7F0B58E6885B00700DA
:10CB80000C00039201939E423CD890238A89DB00DB
:10CB90001A4234D00325096923685B1A029363693A
:10CBA00002985D43EB0F5D19019B6D1001331B185B
:10CBB000AB4200D91D00530532D529003800FEF7DD
:10CBC00039F8061E09D10C233B6040230120A289BD
:10CBD00040421343A38105B0F0BD029A2169FDF7DD
:10CBE000BBFFA389144A1A4080231343A381029BED
:10CBF0002661F61826606561019EED1AA560019B0D
:10CC00009E4200D9019E320003992068FDF7ADFFD6
:10CC1000A36800209B1BA36023689E192660DAE7A7
:10CC20002A003800FFF782FF061EE0D12169380094
:10CC3000FDF7B6FFC7E7C0467FFBFFFFF0B59FB02B
:10CC4000029005938B890F0016001B0611D50B6906
:10CC5000002B0ED14021FDF7EDFF38603861002830
:10CC600005D10C23029A013813601FB0F0BD402398
:10CC70007B61002306AC6361203363761033A376B7
:10CC800035002B78002B01D0252B46D1AB1B04930C
:10CC90000CD0320039000298FFF76EFF431C00D120
:10CCA000AEE06269049B9446634463612B78002B79
:10CCB00000D1A5E0012200235242626002A9543251
:10CCC00052186E1C2360E360A3601370A365317873
:10CCD00005225448FFF728FC751C00281FD1226844
:10CCE000D30604D5532302A95B182021197013071A
:10CCF00004D5532302A95B182B21197033782A2BF2
:10CD000016D0350000210A20E3682A786E1C303ADC
:10CD1000092A4ED9002918D010E00135B1E7414B5E
:10CD20002268C01A01238340134323602E00CEE7FC
:10CD3000059B191D1B680591002B01DB099304E07D
:10CD40005B42E3600223134323602B782E2B0AD12E
:10CD50006B782A2B35D1059B02351A1D1B6805926D
:10CD6000002B2BDB0793304E297803223000FFF78E
:10CD7000DBFB002806D04023801B8340226801355E
:10CD8000134323602978062228486E1C2176FFF77A
:10CD9000CBFB00283CD0264B002B25D10722059B3E
:10CDA00007339343083305936369039A9B186361C0
:10CDB00066E7434301219B183500A6E701235B4248
:10CDC000D0E700230A201A000135636029786E1C21
:10CDD0003039092903D9002BC5D00792C3E7424354
:10CDE000012352183500F1E705AB00933A00114BCF
:10CDF00021000298FEF718F80390039B0133D3D16A
:10CE0000BB890B985B0600D42FE7012040422CE73A
:10CE100005AB00933A00074B21000298FEF7BEFADB
:10CE2000EAE7C0469CEF0000A2EF0000A6EF00007A
:10CE300029AE000079CB000070B514004B1C03D163
:10CE400001256D42280070BD938920229343626BB7
:10CE5000A381CEB2CDB26368002A10D0A26B9A42F1
:10CE600007DD2368013B23601E7063680133636044
:10CE7000E8E7210000F0E6FB0028F2D0E0E72169B6
:10CE80002268002907D0914205D2511E0878A84295
:10CE900001D12160EAE72364230044336363032361
:10CEA000A36323004633E2631E7023600123DEE7A1
:10CEB00010B50C00496B00290ED023004433994271
:10CEC00001D0FDF76DFE0020236C60636360834238
:10CED00002D0E36B236010BD23690120236000238F
:10CEE000A289636020331343A3814042F3E700002B
:10CEF000F0B5B94CC025A544059300230C004A9316
:10CF00004B93862107AB4C93BE230190170004A8D6
:10CF1000B24A490040185B00C250B14A6D0042510C
:10CF20003B78002B00D154E1FDF7E2FD08223B786D
:10CF30007E1CC01802934378134023D06368002BF3
:10CF400014DDFDF7D5FD082123681A788018427892
:10CF50000A4201D13700E3E74B9A013302920132D2
:10CF60004B9262682360013A6260E7E7862204AB75
:10CF700052009B185B5921000198029398470028A2
:10CF8000DFD0E7E7029A252A6DD1499347937B7852
:10CF90002A2B02D11A3B4793BE1C37000A2239784C
:10CFA0007B1C03930B00303B092B24D98D4E0322AD
:10CFB0003000FFF7B9FA002807D00123801B834017
:10CFC000479A039F1343049247933B787E1C672B39
:10CFD00035D8652B00D3BBE0472B14D8452B00D3A5
:10CFE000B6E0002B00D1F1E0252B3CD003234D937C
:10CFF0000733489369E0499B039F04935343303BB5
:10D0000059184991CBE75B2B00D17DE010D8582B04
:10D01000ECD1479A02928022029992000A434792E9
:10D02000102248926E229A429B415B4203334BE0AE
:10D03000632B00D175E0642BD8D10A22F1E7702B65
:10D0400038D008D86E2B00D173E03AD8692BCDD1F7
:10D0500000234893EAE7752BEFD0782BD9D0732BB8
:10D06000C4D1022330E06368002B0FDD23680299EE
:10D070001A788A4200D0ACE00133626823604B9B8F
:10D08000013A0293013362604B9363E7862204AB5B
:10D0900052009B185B592100019803939847002880
:10D0A000E4D04A98002800D08CE00138A9239B00E6
:10D0B0009D44F0BD479A0292202202990A4347926A
:10D0C000A7E708234893043B4D936368002B41DD99
:10D0D000479B02935B0608D4FDF70AFD08212368ED
:10D0E0001A78801842780A4240D14D9B022B55DCB9
:10D0F00005AB220047A9019800F078F8012868D014
:10D10000022800D026E7CCE7310007A800F0D6F9C6
:10D11000479B060002934023029A1343479301233F
:10D12000D2E7479B02934023029A1343479300237D
:10D13000CAE74798C30600D50CE7059B4B9A191D13
:10D1400005911B68C70701D51A8003E71A6001E73C
:10D150000523B9E7862204AB52009B185B592100D6
:10D160000198029398470028B2D09AE74B9A02920E
:10D1700001324B926268013A6260002A02DD01339B
:10D180002360A9E7862204AB52009B185B5921005B
:10D1900001980293984700289ED082E7042B06DC72
:10D1A00005AB220047A9019800F086F8A6E70E4BD0
:10D1B000002B00D1CEE605AB220047A9019800E084
:10D1C00000BF9BE7A3895B0600D46FE701204042C4
:10D1D0006CE74A986AE7C0465CFDFFFF39CE000065
:10D1E000B1CE0000A2EF000000000000F7B515006E
:10D1F0008A6801900C00002A04D18A69002A17D19C
:10D200000132A2602268D20603D41A68111D196087
:10D2100017680026A369002B1FD0012B0BD12B68A8
:10D2200062691B78D35C002B17D1002E33D109E043
:10D2300001225242E5E7022B06D0002E2BD1A36932
:10D24000012B28D10120FEBDFDF752FC08222B68DE
:10D250001B78C01843781342EFD11022236801369F
:10D26000134203D12B681B783B7001372A686B6827
:10D2700001322A60A268013B013A6B60A260002A79
:10D2800009D0002BC6DCC0235B00E35829000198BD
:10D2900098470028BED010232268134006D1E268C8
:10D2A0000132E260A269002A00D03B7023690020AD
:10D2B0009E192661C7E70000F0B50C008BB0029301
:10D2C000784B0490160007AA23CB23C2764B059314
:10D2D000A369032B01D1754B0593AE220020A368EF
:10D2E0005200591E0390914205D95E3BFF3B0393C8
:10D2F0005E23FF33A36023001C330193D023002758
:10D3000022681B0113432360019B0093336807A825
:10D310001978BB0002221858FFF706F900282BD015
:10D32000012F62D16368002B06D108332268636045
:10D33000F933FF33134323605D4B226813402360AE
:10D34000A3685A1EA260002B16D033685A1C3260A4
:10D350001B78009A13707368551C013B7360002B97
:10D3600009DCC0235B00E358310004980093984720
:10D37000002800D080E000950137032FC6D16368F4
:10D38000002B01D10A3363601021002763686069B4
:10D39000C91A484BC91800F091F8009DA36822688B
:10D3A0000093002B41D03168636908781B5C002B27
:10D3B0003BD0302829D180231B011A4225D0039B62
:10D3C0000137002B05D01A00009B013A013303926C
:10D3D000A3607368013B7360002B1DDD336801336C
:10D3E0003360A368013BA360D8E7022FA8D1C02116
:10D3F00080232268C90011409B009942BFD1F13BB4
:10D40000FF3B6360F033134399E72B4B13402360DA
:10D410000B782B700135DCE7C0235B00E35831004B
:10D420000498009398470028DBD02368DB050ED5CD
:10D43000019B9D4207D9BE23013D5B002978E3583B
:10D44000320004989847019B01209D4227D010226A
:10D4500023681A401CD12A70636801990498059EBC
:10D46000B047029B21681B688A0607D51A1D0299DE
:10D470000A601B68186008E00027D6E71A1DCE076F
:10D48000F5D502990A601B681880E3680133E360F0
:10D490000020019BED1A2369EF19DF1927610BB0FA
:10D4A000F0BDC046B0EF000025D60000F1B7000087
:10D4B000FFFAFFFFBCEF0000FFF6FFFF70B50B782F
:10D4C00005005E2B18D04A1C002128006C1CFF347C
:10D4D00001700130A042FBD1501E002B0BD0012067
:10D4E0004140E9541478501C2D2C0CD05D2C02D0F6
:10D4F000002C05D1100070BD8A1C4B780121E4E797
:10D5000023000200EDE756785D2EF9D0B342F7DC38
:10D5100002320133E9549E42FBDCE3E7F0B51F0021
:10D520000E0085B00390019102920A983478FDF7BD
:10D53000DBFA082200194378751C134038D12D2CD2
:10D5400038D17478B51C01330093002F65D0102FAB
:10D5500009D1302C07D120222B789343582B57D157
:10D5600010276C780235012039004042FAF7EEFCB2
:10D570000600012039004042FAF76EFD0023012227
:10D580008C461800524221003039092917D80C0066
:10D59000A74222DD002B1EDB1300864205D301D1FA
:10D5A000A44502DB0123784320182C780135EAE7F3
:10D5B0002E00BAE72B2CC7D1B51C7478C4E7210024
:10D5C0004139192901D8373CE2E72100613919298D
:10D5D00003D8573CDCE71300E7E7002B09DA2223E6
:10D5E0000120039A40421360029B002B0AD105B030
:10D5F000F0BD009A002A00D04042029A002AF6D0DC
:10D60000002B01D06B1E0193029B019A1A60EEE77A
:10D610003024002FA7D10827A5E7302C9BD00A275C
:10D62000A1E7000013B5054C2468246A002C00D142
:10D63000034C0094FFF772FF16BDC046180100208E
:10D640007C0100200B00F7B54D6B44330C009D426C
:10D650001CD18026F6003100FDF7ECFA002802D13B
:10D6600001204042FEBD23006063A66346331A7862
:10D67000104BC254230045331A780F4BC2542A78FA
:10D680000E4BC254C01820600020EBE78E6B2900BF
:10D6900073001A000193FFF749FA051EE0D08719BD
:10D6A000010032003800FDF757FA019B27606563DF
:10D6B000A363E9E7FF030000FE030000FD03000091
:10D6C0000B1F1B68181F002B01DA0B58C01870477E
:10D6D000044A1368002B00D1034B1818106018007F
:10D6E0007047C046F4140020FC140020F8B5C04672
:10D6F000F8BC08BC9E467047F8B5C046F8BC08BCEC
:10D700009E467047000000009A9999999999B93FEF
:10D710007B14AE47E17A843F2D431CEBE2361A3F7F
:10D720003A8C30E28E79453EBC89D897B2D29C3C87
:10D7300033A7A8D523F649393DA7F444FD0FA532F8
:10D740009D978CCF08BA5B25436FAC642806C80A46
:10D7500000000000000024400000000000005940CC
:10D76000000000000088C3400000000084D79741FB
:10D770000080E03779C34143176E05B5B5B89346CD
:10D78000F5F93FE9034F384D321D30F94877825A99
:10D790003CBF737FDD4F1575535344313330362012
:10D7A000616C6C6F636174696F6E206661696C6532
:10D7B00064004F4C454420416C6C6F636174656438
:10D7C00000312E312E3000257320202020202020F3
:10D7D00020562573005278205342432053687574B5
:10D7E000646F776E0053424320506F776572204F0D
:10D7F000666600534243205265626F6F7400556E37
:10D800006B6E6F776E205374617465004572726F32
:10D810007220696E2073637265656E2074696D6530
:10D8200072004572726F7220696E20736372656553
:10D830006E207374617465206D616368696E650044
:10D840004745543F006E616D650074656D7000540E
:10D85000656D703A2000637075004350553A2000A2
:10D860006D656D004D656D3A20006469736B004411
:10D8700069736B3A2000757074696D65004C697648
:10D88000653A200069700049503A20006D616300DC
:10D890004D41433A200070696E670050696E673AE7
:10D8A00020000A7B2272786564223A202200227DC1
:10D8B000004578706572696D656E743A2000205776
:10D8C00000205620200020412020005342433A20CF
:10D8D00000566578703A202535732C20496578709C
:10D8E0003A202535732C20567362633A2025357310
:10D8F0002C20497362633A20253573002573257304
:10D9000000302E3000257320253873002573253113
:10D91000367300207362633A202532692C206578C3
:10D92000743A202532692C206578703A20253269B6
:10D930002C207265626F6F743A202532692C206545
:10D94000787065723A2025326900256C7520646113
:10D9500079252A5B5E2C5D2C20256C753A256C752B
:10D960003A256C750025336C752064202530326CA7
:10D97000753A2530326C753A2530326C75000000EE
:10D980000000000000000000000000000000000097
:10D9900000FFF00000000000000000000000000098
:10D9A00001FFF00000000000000000000000000087
:10D9B00001FFF8000000000000000000000000006F
:10D9C00003C03C0000000000000000000000000058
:10D9D00007801C00000000000000000000000000A4
:10D9E00007801E0000000000000000000000000092
:10D9F0000F000E000000000000000000000000000A
:10DA00000E000F0000000000000006006000000093
:10DA10001E0007000000000010000600600000006B
:10DA20001E0007800000000018000600600003FFD1
:10DA30009E0007000000000038000600600003FFA1
:10DA4000CF000F3F0FE7E07E7E1F86F861F807FFEB
:10DA5000E7000E7F8FCFF0FF7E3FC7FC63FC0F0017
:10DA6000E7801EE1CE0C39C33870C70E630E0E007E
:10DA7000F3803CC0CE1C19803860660667061E0025
:10DA800073C038C0CC1819801860660667FE1C0089
:10DA900079FFF8C0CC181D801860660667FC3C0052
:10DAA0003DFFF0C0CC1C1D801860E60663007800C6
:10DAB0001CFFF0E1CC0C3CC21870E30E63847800CC
:10DAC0001E0000FF8C0FFCFF1E3FE3FC79FC78007A
:10DAD0001E0000DF0C03E87E0E1F60F838F83800E7
:10DAE0003CFFF0C0000000000000000000003C000F
:10DAF00039FFF0C0000000000804000020001C00F6
:10DB00007BFFF8C0000030000B44000020001E0026
:10DB1000738038CB0C3033986864638620000F0024
:10DB2000F7803C0FBEF833BCFB65F7CF200007FF42
:10DB3000E7001C08A2C932668B451E78A00007FFCB
:10DB4000EF001E08A2CBB2628B651E78A00003FF17
:10DB5000CE000F08B6C81236DB65B26DA00001FF1B
:10DB60009E0007089C881A1E7034E007B000000071
:10DB70001C00078000000000000000000000000002
:10DB80001E000F00000000009800600000800000F0
:10DB90000E000F0000000000800060000080000008
:10DBA0000F001E00003CEF1DD3CF624BCE90000053
:10DBB00007801C00006689A09219616A68F0000065
:10DBC00007803C00004698A09211E1FE28E000008A
:10DBD00003C03800006699A09219E1B668F0000011
:10DBE00001FFF800007C8FBCD3CFA093C890000049
:10DBF00001FFF000004000000000000000000000F5
:10DC000000FFF000004000000000000000000000E5
:10DC1000000000000000000000000000000074721E
:10DC200075650066616C7365006E756C6C002F2FF6
:10DC300022225C5C6208660C6E0A720D7409000A8E
:10DC4000507261637461626C6520506F7274616CB4
:10DC50000A0046573A2000556E737469636B696E0B
:10DC60006720427573005769726520426567696E67
:10DC7000005374617274696E67204F4C45440065AF
:10DC80006E64206F66207365747570000102030076
:10DC900000000000000000004D370000C137000008
:10DCA0005F370000693700002D370000CD370000D6
:10DCB000113800004D3900004D3800004B3700008E
:10DCC0004B370000FD3800004F3700000000000017
:10DCD00000000000673C0000513A00001D3A0000BF
:10DCE0007B3A0000753A0000193D00008D3A0000B3
:10DCF000A53A0000A93B0000013B0000E53A000006
:10DD00002D3A0000B33C0000453A0000D73B00002C
:10DD1000213A00007D3A0000853A00000000000032
:10DD2000003E5B4F5B3E3E6B4F6B3E1C3E7C3E1CA1
:10DD3000183C7E3C181C577D571C1C5E7F5E1C00E7
:10DD4000183C1800FFE7C3E7FF0018241800FFE79E
:10DD5000DBE7FF30483A060E2629792926407F0561
:10DD60000507407F05253F5A3CE73C5A7F3E1C1C77
:10DD700008081C1C3E7F14227F22145F5F005F5F37
:10DD800006097F017F006689956A60606060609423
:10DD9000A2FFA29408047E040810207E2010080828
:10DDA0002A1C08081C2A08081E101010100C1E0C33
:10DDB0001E0C30383E3830060E3E0E0600000000C5
:10DDC0000000005F00000007000700147F147F14AC
:10DDD000242A7F2A122313086462364956205000F1
:10DDE00008070300001C2241000041221C002A1CDD
:10DDF0007F1C2A08083E08080080703000080808C8
:10DE00000808000060600020100804023E514945E7
:10DE10003E00427F400072494949462141494D3305
:10DE20001814127F1027454545393C4A494931416C
:10DE3000211109073649494936464949291E00003A
:10DE4000140000004034000000081422411414148F
:10DE50001414004122140802015909063E415D597B
:10DE60004E7C1211127C7F494949363E4141412284
:10DE70007F4141413E7F494949417F090909013EAE
:10DE8000414151737F0808087F00417F41002040D5
:10DE9000413F017F081422417F404040407F021CE7
:10DEA000027F7F0408107F3E4141413E7F090909FE
:10DEB000063E4151215E7F091929462649494932CA
:10DEC00003017F01033F4040403F1F2040201F3F90
:10DED0004038403F63140814630304780403615915
:10DEE000494D43007F414141020408102000414157
:10DEF000417F040201020440404040400003070803
:10DF00000020545478407F284444383844444428FE
:10DF1000384444287F385454541800087E090218A5
:10DF2000A4A49C787F0804047800447D400020402D
:10DF3000403D007F1028440000417F40007C047871
:10DF400004787C080404783844444438FC182424B9
:10DF50001818242418FC7C08040408485454542439
:10DF600004043F44243C4040207C1C2040201C3CB6
:10DF70004030403C44281028444C9090907C4464AD
:10DF8000544C440008364100000077000000413640
:10DF9000080002010204023C2623263C1EA1A161C6
:10DFA000123A4040207A38545455592155557941F8
:10DFB0002254547842215554784020545579400CCD
:10DFC0001E527212395555555939545454593955B0
:10DFD0005454580000457C410002457D42000145F3
:10DFE0007C407D1211127DF0282528F07C54554587
:10DFF000002054547C547C0A097F493249494932F3
:10E000003A4444443A324A4848303A4141217A3A03
:10E0100042402078009DA0A07D3D4242423D3D40CF
:10E0200040403D3C24FF2424487E4943662B2FFC7E
:10E030002F2BFF0929F620C0887E0903205454792C
:10E04000410000447D413048484A32384040227AFD
:10E05000007A0A0A727D0D19317D2629292F28267A
:10E060002929292630484D40203808080808080882
:10E070000808382F10C8ACBA2F102834FA00007BDB
:10E08000000008142A142222142A140855005500EE
:10E0900055AA55AA55AAFF55FF55FF000000FF00DD
:10E0A000101010FF00141414FF001010FF00FF10D8
:10E0B00010F010F0141414FC001414F700FF00000A
:10E0C000FF00FF1414F404FC141417101F10101F89
:10E0D000101F1414141F00101010F0000000001F77
:10E0E000101010101F10101010F010000000FF1082
:10E0F0001010101010101010FF10000000FF14007E
:10E1000000FF00FF00001F10170000FC04F41414AF
:10E110001710171414F404F40000FF00F71414147B
:10E1200014141414F700F7141414171410101F10FB
:10E130001F141414F4141010F010F000001F101F1E
:10E140000000001F14000000FC140000F010F0108C
:10E1500010FF10FF141414FF141010101F00000003
:10E1600000F010FFFFFFFFFFF0F0F0F0F0FFFFFF07
:10E170000000000000FFFF0F0F0F0F0F384444385E
:10E1800044FC4A4A4A347E02020606027E027E02AD
:10E1900063554941633844443C04407E201E2006B8
:10E1A000027E020299A5E7A5991C2A492A1C4C72F5
:10E1B00001724C304A4D4D303048784830BC625A7C
:10E1C000463D3E494949007E0101017E2A2A2A2A0C
:10E1D0002A44445F444440514A444040444A5140E8
:10E1E0000000FF0103E080FF000008086B6B0836A9
:10E1F00012362436060F090F06000018180000001A
:10E200001010003040FF0101001F01011E00191D08
:10E210001712003C3C3C3C000000000000000000E5
:10E2200000000000154A0000217600001D3A0000A1
:10E23000613E000019750000293F00002B3F0000DF
:10E24000553F0000353F0000453F0000633E0000A1
:10E25000293F000057410000CB4000006D3F000007
:10E26000A93F0000E53F000031400000CD40000024
:10E270004B40000000000000000180000000000092
:10E280000000000003800000000000000000000704
:10E29000C000000000000000000007C000000000F7
:10E2A00000000000000FC00000000000000000009F
:10E2B0001FE00000000000000000001FE000000060
:10E2C0000000000000003FE000000000000000002F
:10E2D000003FF00000000000000000007FF00000A0
:10E2E00000000000001FF87FF000000000000000A8
:10E2F0003FFE7FF0000000000000003FFF7FF000C5
:10E300000000000000001FFFFBE000000000000014
:10E31000000FFFF9FFC00000000000000FFFF9FF31
:10E32000F800000000000007FFF1FFFF0000000000
:10E33000000003FC73FFFF80000000000001FE3FAF
:10E34000FFFF80000000000000FF1E0FFF00000024
:10E35000000000007FFE1FFC000000000000003FE6
:10E36000FFFFF8000000000000000FDFFFE00000EA
:10E3700000000000001F19FFC000000000000000A6
:10E380003F3CFF00000000000000007E7CF8000021
:10E390000000000000007FFE7C0000000000000084
:10E3A00000FFFFFC0000000000000000FFFFFE0077
:10E3B00000000000000000FFFFFE00000000000061
:10E3C0000001FFEFFE0000000000000001FFCFFE93
:10E3D0000000000000000003FF07FE000000000036
:10E3E000000003FC07FE0000000000000003F00333
:10E3F000FE00000000000000018000FE00000000A0
:10E400000000000000007E0000000000000000008E
:10E41000003E000000000000000000000C000000B2
:10E42000000000078000FC000003C000000007801F
:10E4300001FC000003C0000000078001FC00000395
:10E44000C0000000078001E00000001E000000077F
:10E450008001E00000001E007FE3F79FF9FDE778F0
:10E460007BDFC0FFF7FFBFFDFDFF787BDFC0FFF75D
:10E47000FFBFFDFDFF787BDFC0F0F787BC3DE1FF0C
:10E48000787BDE00F0F787BC3DE1F0787BDE0000B2
:10E49000F787803DE1E0787BDE007FF7879FFDE135
:10E4A000E0787BDE00FFF787BFFDE1E0787BDE00F0
:10E4B000F0F787BC3DE1E0787BDE00F0F787BC3DFC
:10E4C000E1E0787BDE00F0F787BC3DE1E0787BDEC1
:10E4D00000FFF7FFBFFDE1E07FFBDFC0FFF7FFBFFD
:10E4E000FDE1E07FFBDFC07CF3F39F3DE1E03E7B9D
:10E4F000CFC00000000000000000000000FFFFFF90
:10E50000FFFFFFFFFFFFFFC0FFFFFFFFFD68DB1105
:10E510001A31C0FFFFFFFFFD2B5AFB6AEFC0FFFF60
:10E52000FFFFFD4B5B3B1A33C0FFFFFFFFFD6B5B43
:10E53000DB6AFDC000006000000000000000000079
:10E540000000000000E000000000000000000000EB
:10E5500000000001E00000000000000000000000DA
:10E56000000001F0000000000000000000000000BA
:10E570000003F000000000000000000000000000A8
:10E5800007F000000000000000000000000000078D
:10E59000F8000000000000000000000000000FF87C
:10E5A00000000003C0007E000001E0007F0FF800C3
:10E5B000000003C000FE000001E000FFEFF80000D3
:10E5C0000003C000FE000001E000FFFFF8000000B3
:10E5D00003C000F00000000F007FFE7FC0000003BA
:10E5E000C000F00000000F003FFE7FF83FF1FBCFBE
:10E5F000FCFEF3BC3DEFE01FFE7FFF7FFBFFDFFE75
:10E60000FEFFBC3DEFE01FC6FFFF7FFBFFDFFEFE0E
:10E61000FFBC3DEFE00FE3C7FE787BC3DE1EF0FFDB
:10E62000BC3DEF0007FF87FC787BC3DE1EF0F83CA3
:10E630003DEF0001FFFFF0007BC3C01EF0F03C3D4A
:10E64000EF0001F37FE03FFBC3CFFEF0F03C3DEF76
:10E650000003E33F807FFBC3DFFEF0F03C3DEF00B3
:10E6600007E73C00787BC3DE1EF0F03C3DEF00077F
:10E67000FFBE00787BC3DE1EF0F03C3DEF0007FFDD
:10E68000FE00787BC3DE1EF0F03C3DEF000FFFFE86
:10E69000007FFBFFDFFEF0F03FFDEFE00FFFFF002C
:10E6A0007FFBFFDFFEF0F03FFDEFE00FF9FF003EE4
:10E6B00079F9CF9EF0F01F3DE7E01FF1FF00000069
:10E6C0000000000000000000001F80FF007FFFFF2F
:10E6D000FFFFFFFFFFFFFFE01C007F007FFFFFFF4A
:10E6E000FEB46D888D18E000001F007FFFFFFFFE65
:10E6F00095AD7DB577E000000F007FFFFFFFFEA521
:10E70000AD9D8D19E0000006007FFFFFFFFEB5AD57
:10E71000EDB57EE00000000000000000154A00009A
:10E72000217600001D3A0000613E0000314B0000E0
:10E73000293F00002B3F0000553F0000353F0000FF
:10E74000453F0000633E0000293F000057410000A4
:10E75000FF4C00008753000039530000E53F0000E4
:10E7600031400000CD4000004B4000000080C0E080
:10E77000F0F8FCFE000103070F1F3F7FAED580A815
:10E78000D300408D2000A1C8DB40A4A62EAF2200FC
:10E79000FF2100000100000017000000030000003E
:10E7A00004000000FF00FFFFFFFFFF00010000006A
:10E7B000160000000300000004000000FF00FFFF3F
:10E7C000FFFFFF00010000000A0000000800000039
:10E7D0001C000000FF00000500050A000100000009
:10E7E0000B000000080000001C000000FF000105F5
:10E7F00001050B00000000000700000008000000F9
:10E800001C000000070001010101FF0000000000E2
:10E8100005000000080000001C00000005000100C9
:10E820000100FF00000000000400000008000000DC
:10E830001C000000040000000000FF0000000000B9
:10E840000600000008000000040000000600FFFFB2
:10E85000FFFFFF00000000001200000008000000A1
:10E8600004000000FF00FFFFFFFFFF0000000000AA
:10E8700014000000080000002C000000FF0002004F
:10E880000200040000000000150000000800000065
:10E890002C000000FF000300030005000000000042
:10E8A00010000000020000001C000000FF00000239
:10E8B0000002000000000000130000000200000041
:10E8C0001C000000FF0001030103FF000000000026
:10E8D000110000000200000004000000FF00FFFF24
:10E8E000FFFF010000000000020000000100000026
:10E8F000060000000000FFFFFFFFFF000100000016
:10E900000200000001000000040000000A00FFFFF8
:10E91000FFFF0200000000000B00000001000000EB
:10E920002C000000130003000300FF0000000000A3
:10E930000A000000010000002C000000120002008C
:10E940000200FF00010000000800000003000000BA
:10E95000060000000200FFFFFFFFFF0001000000B3
:10E96000090000000300000018000000030001047B
:10E97000010409000000000009000000010000007F
:10E98000040000001100FFFFFFFFFF000100000076
:10E990000300000001000000040000000B00FFFF66
:10E9A000FFFF0300000000000C0000000200000058
:10E9B00000000000FF00FFFFFFFFFF00000000005D
:10E9C0000D0000000200000000000000FF00FFFF3B
:10E9D000FFFFFF00000000000E0000000800000024
:10E9E00000000000FF00FFFFFFFFFF00000000002D
:10E9F0000F0000000200000000000000FF00FFFF09
:10EA0000FFFFFF00000000001B00000008000000E6
:10EA100000000000FF00FFFFFFFF0F0000000000EC
:10EA2000080000000800000004000000FF00FFFFD5
:10EA3000FFFFFF00000000001C00000008000000B5
:10EA400004000000FF00FFFFFFFFFF0000000000C8
:10EA500016000000020000001C000000FF0000047F
:10EA60000004060000000000170000000200000083
:10EA70001C000000FF00010401040700000000006A
:10EA8000180000000600000000000000FF00FFFF6B
:10EA9000FFFFFF000000000019000000060000005A
:10EAA00000000000FF00FFFFFFFFFF0000C20100A9
:10EAB0000000080000000000000000005D5D000094
:10EAC000955F0000595D0000795F0000595F00000C
:10EAD000D15F0000B55F0000555D0000575D00008C
:10EAE000495F0000F55F0000875F0000715D000076
:10EAF000D95C00009D5E0000015D0000F0FFFFFF9B
:10EB000000000000395F00008D5E00001B60000007
:10EB1000455D000000000000000000005D62000094
:10EB2000636E00003B6E0000476E0000C560000091
:10EB3000C7600000B561000041726475696E6F20A6
:10EB40004E414E4F20333320496F540004030904D3
:10EB500041726475696E6F204C4C430012010002D3
:10EB6000EF02014041235780000101020301000030
:10EB70000000000000000000497400002176000041
:10EB80004B7000009770000045700000E5740000B5
:10EB90005B70000035700000F570000073700000BD
:10EBA000317000000D0A00252525642E25646600BD
:10EBB000AA890000E68800000A890000A8880000F1
:10EBC0000A890000868900000A890000A8880000E0
:10EBD000E6880000E688000086890000A88800001A
:10EBE000DC890000DC890000DC89000092890000DB
:10EBF000E6880000E68800000A890000A688000078
:10EC00000A890000868900000A890000A6880000A1
:10EC1000E6880000E688000086890000A6880000DB
:10EC2000DC890000DC890000DC890000908900009C
:10EC3000488B0000F28A0000F28A0000208C00005D
:10EC4000EE8A0000EE8A0000168C0000208C000086
:10EC5000EE8A0000168C0000EE8A0000208C000076
:10EC6000248C0000248C0000248C00002C8C0000DC
:10EC70002496000096940000DA9400003E94000070
:10EC8000DA940000CA950000DA9400003E94000077
:10EC90009694000096940000CA9500003E940000EF
:10ECA000369400003694000036940000D895000099
:10ECB0004C9D00004E9C00004E9C00006C9F00008C
:10ECC000489C0000489C0000549F00006C9F00007E
:10ECD000489C0000549F0000489C00006C9F00006E
:10ECE000629F0000629F0000629F0000709F000012
:10ECF0004300504F534958002E00494E4600696E5C
:10ED000066004E414E006E616E0030313233343554
:10ED10003637383941424344454600303132333486
:10ED2000353637383961626364656600002020201B
:10ED300020202020202028282828282020202020AB
:10ED4000202020202020202020202020208810107B
:10ED500010101010101010101010101010040404D7
:10ED60000404040404040410101010101010414195
:10ED70004141414101010101010101010101010183
:10ED80000101010101010101101010101010424297
:10ED90004242424202020202020202020202020253
:10EDA00002020202020202021010101020000000F3
:10EDB0000000000000000000000000000000000053
:10EDC0000000000000000000000000000000000043
:10EDD0000000000000000000000000000000000033
:10EDE0000000000000000000000000000000000023
:10EDF0000000000000000000000000000000000013
:10EE00000000000000000000000000000000000002
:10EE100000000000000000000000000000000000F2
:10EE200000000000000000000000000000496E66C5
:10EE3000696E697479004E614E00000000000000A8
:10EE400000000000000000000000000000000000C2
:10EE500000000000000000000000000000000000B2
:10EE600000000000000000000000000000000000A2
:10EE70000000000000000000000000000000000092
:10EE80000000000000000000000000000000000082
:10EE90000000000000000000000000000000000072
:10EEA0000080E03779C34143176E05B5B5B8934686
:10EEB000F5F93FE9034F384D321D30F94877825A52
:10EEC0003CBF737FDD4F1575000000000000F03F70
:10EED0000000000000002440000000000000594035
:10EEE0000000000000408F40000000000088C34088
:10EEF00000000000006AF8400000000080842E41FD
:10EF000000000000D01263410000000084D7974148
:10EF10000000000065CDCD41000000205FA002424E
:10EF2000000000E876483742000000A2941A6D42C3
:10EF3000000040E59C30A2420000901EC4BCD642B6
:10EF400000003426F56B0C430080E03779C3414361
:10EF500000A0D8855734764300C84E676DC1AB43D7
:10EF6000003D9160E458E143408CB5781DAF1544F5
:10EF700050EFE2D6E41A4B4492D54D06CFF08044D0
:10EF8000F64AE1C7022DB544B49DD9794378EA44E5
:10EF900005000000190000007D000000232D302B2B
:10EFA0002000686C4C00656667454647000000001D
:10EFB000CEEF0000D1EF0000D4EF0000412D4661FC
:10EFC0002D66383930313233343536375D002B2DEC
:10EFD0000030300078580000000000009893FF7F58
:10EFE000010000000000000049503A20000000002D
:10EFF00000204350553A202020000000002025002A
:10F000000000004469736B3A2020200000000020BB
:10F0100025000000000000002A0000007F00000022
:10F02000E8034D41433A0000000000204D656D3A71
:10F03000202020000000002025000000004E616D0F
:10F04000653A200000000000004C61737420506994
:10F050006E673A200000000059000020E000002008
:10F060000D000020470000201F000020F2000020BB
:10F07000040000203E000020650000206A040020FB
:10F080000405002024030020560400206303002010
:10F0900018050020240400203C04002084040020E3
:10F0A0007E040020EC000020190000205300002006
:10F0B0002B0000202C0500203803002050040020E5
:10F0C0009804002054656D703A2020200000000054
:10F0D0002064656743004C6976653A2000000000B3
:10F0E00000000000FFFFFFFFFFFFFFFF40420F0097
:10F0F0000A0000000A000000FFFFFFFF1C010020C3
:10F10000000000005CEE00007CEE00003CEE000021
:10F1100000000000000000000000000000000000EF
:10F1200000000000000000000000000000000000DF
:10F1300000000000000000000000000000000000CF
:10F1400000000000000000000000000000000000BF
:10F1500000000000000000000000000000000000AF
:10F16000430000000000000000000000000000005C
:10F17000000000000000000000000000000000008F
:10F18000430000000000000000000000000000003C
:10F19000000000000000000000000000000000006F
:10F1A000430000000000000000000000000000001C
:10F1B000000000000000000000000000000000004F
:10F1C00043000000000000000000000000000000FC
:10F1D000000000000000000000000000000000002F
:10F1E00043000000000000000000000000000000DC
:10F1F000000000000000000000000000000000000F
:10F2000043000000000000000000000000000000BB
:10F2100000000000000000000000000000000000EE
:10F22000430000000000000000000000000000009B
:10F2300000000000000000000000000000000000CE
:10F240002BB8000035AB0000000000002CED0000E2
:10F25000F8EC00003EDC00003EDC00003EDC00007C
:10F260003EDC00003EDC00003EDC00003EDC000036
:10F270003EDC00003EDC0000FFFFFFFFFFFFFFFF62
:10F28000FFFFFFFFFFFF000001004153434949001A
:10F29000000000000000000000000000000000006E
:10F2A00000000000000000000000415343494900F5
:10F2B000000000000000000000000000000000004E
:10F2C000000000000000000000000000DD20000041
:10F2D000AD31000085390000493E00007D56000038
:0CF2E000B1600000C56E0000B520000009
:00000001FF
