:1020000000800020B57500009D7500009D750000E2
:1020100000000000000000000000000000000000C0
:102020000000000000000000000000009D7500009E
:1020300000000000000000009D750000097600000F
:102040009D7500009D7500009D7500009D75000048
:102050009D7500009D7500009D750000A175000034
:102060009D7500009D7500009D750000C554000021
:10207000B5540000913C0000A55400009D7500007F
:102080009D7500009D7500009D7500009D75000008
:10209000000000009D7500009D7500009D7500000A
:1020A0009D7500009D7500009D7500009D750000E8
:1020B0000000000010B5064C2378002B07D1054B1B
:1020C000002B02D0044800E000BF0123237010BDA4
:1020D000D402002000000000F8E20000044B10B51C
:1020E000002B03D00349044800E000BF10BDC046E8
:1020F00000000000D8020020F8E20000F8B50D0052
:102100000C1E1ED00468002C1BD0280009F09AF980
:10211000E6680700301E01D009F094F9874208D123
:1021200000239F420DD0E95CF25C914201D1013362
:10213000F7E70A22A35E002B02D01B01E418E2E7B6
:102140001C002000F8BD4A688B681032934204D20C
:1021500001230B74002318007047103B8B60002B89
:10216000F9D04268002A08D0991A09115181002239
:1021700043605A811A72DA60EDE70360F7E7000006
:10218000F0B5037889B005000F002B2B2DD02D2B37
:102190002CD101352C3B01932B781A00303A092AB7
:1021A00002D92E2B00D0FAE0002000217D4E2B78A2
:1021B0001C00303CE4B2092C1AD8B14224D802D118
:1021C000794B984220D800230A2205F0BFFF002354
:1021D00002940393E3434A1C01D1984214D8029B12
:1021E000039C0135C0186141E1E701350023D2E7C6
:1021F000002B09D1019B002B20D080231B06994284
:1022000002D80CD100280AD00024684EB14220D94F
:102210000A220023013405F079FF24B2F6E77F2279
:102220003B7A93431A000A2313433B720023424232
:102230008B413A607B60019809B0F0BD7F223B7A08
:102240003860796093431A00082313433B720123DB
:1022500054E02B781A00303A092A03D8013424B20A
:102260000135F6E72E2B1AD101352E78303EF6B225
:10227000092E14D84E4B9942F6D802D14D4B9842B4
:10228000F2D80A22002305F061FF0023049605938B
:10229000013C049A059B24B280185941E4E72023AD
:1022A0002A789A430023452A44D16A782D2A27D1D7
:1022B000023501330A260293B44600232E78303EBD
:1022C000F2B2092A32D8624653439A22F3181E19F1
:1022D0005200964228DD029A3B7A7F24002A15D0CC
:1022E000019A00200021002A01D080210906A34381
:1022F0000C243860796023433B72029B01939AE778
:102300002B2A01D00135D5E70235D3E7019A002009
:10231000002A07D028490C22A34313433B7238609C
:10232000796094E72549F6E70135C7E7029A002A64
:1023300000D05B422A78002A31D1E41805F030FF42
:102340001F4E002C01DC1F4E64420025002C14D0CF
:1023500001231C420DD0EB00F3181A685B68029051
:1023600006920793069A079B03910298039907F038
:102370003DFB01356410EDB2E8E7019B002B02D074
:1023800080231B06C9187F223B7A93431A000C2333
:1023900013433B7202000B003A607B6057E7002357
:1023A000ACE7C0469999991999999999FFFF0F003F
:1023B00099990100989999990000F0FF0000F07F29
:1023C000F0CA0000A8CA0000012313B50B4C00930B
:1023D00002213C22200002F067FC0949031E094843
:1023E00000D0094905F082F8084B2000636102F033
:1023F00049FC200002F01AFF13BDC0464403002030
:1024000038CB00004C0E002052CB00000100010030
:10241000F0B51622012502263D4C3E4B85B0636186
:1024200020000092029501968023063A002101F0D7
:1024300046FF092100271B2200912000491902951F
:102440000196392301F0E3FF334B34492361200027
:1024500005F03BF8324B33492361200005F039F891
:102460003149200005F031F8304B67612361304974
:10247000200005F02EF82F49200005F026F82E4BFD
:102480002E492361234B2000636105F022F82C497B
:10249000200005F01AF8162239000092200002955B
:1024A00001968023113201F00AFF092132220091A6
:1024B0002000491902950196392301F0A8FF214B0C
:1024C00021492361200005F000F8204B20492361B9
:1024D000200004F0FEFF1449200004F0F6FF1D4B1D
:1024E000676123611C49200004F0F3FF11492000BB
:1024F00004F0EBFF194B1A492361064B200063617E
:1025000004F0E7FF0E49200004F0DFFF05B0F0BD46
:1025100044030020010001000200120041CC000031
:1025200050001200C80300204ECC000014001C0014
:102530002803002051CC000050001C00160300208E
:1025400056CC0000020029005BCC0000500029009E
:1025500080040020140033007A040020500033006F
:10256000680400207FB5022301251D4C01932E3302
:1025700002950093200050331022002101F09FFEAD
:10258000042301930A331422029500932000603340
:10259000092101F03CFF134B134E236100233169E5
:1025A0006361200004F095FF104D2000296904F0BC
:1025B00090FF0F4BB16923610E4B2000636104F063
:1025C00088FFA969200004F084FF0B4B7169236127
:1025D000200004F07EFF6969200004F07AFF7FBDCF
:1025E00044030020110018005C0000207800002047
:1025F000020026000100010002003400F0B5264B65
:10260000264C85B0636101230293DB1801932E33BE
:102610001022009320005033002101F050FE204F83
:10262000204B39682361200004F053FF1E4E200028
:10263000316804F04EFF1D4D2000296804F049FF69
:102640001B4B79682361200004F043FF7168200070
:1026500004F03FFF6968200004F03BFF154BB968A8
:102660002361200004F035FFB168200004F031FF41
:10267000A968200004F02DFF0F4BF96823612000AA
:1026800004F027FFF168200004F023FFE968200030
:1026900004F01FFF05B0F0BD01000100440300205D
:1026A0005C0000200200140078000020940000204C
:1026B00002001F0002002B000200360010B50028A7
:1026C00002D1FFF7A5FE10BD012802D1FFF74AFF96
:1026D000F9E7022802D1FFF791FFF4E7FFF798FE30
:1026E0000249034804F00CFFEDE7C046C1CB0000EF
:1026F0004C0E002010B500280ED104F093FF174CAB
:102700002368C01A164B984205D90122154B1A703E
:1027100004F088FF206010BD01280AD104F082FF78
:102720000E4C2368C01A104B9842F4D90D4B02226C
:10273000EDE702280AD104F075FF084C2368C01A9F
:102740000A4B9842E7D9074B0022E0E70022054BED
:10275000074908481A7004F0D3FEDCE7980400200B
:102760003F1F00002E0300206F1700009F0F000086
:10277000ABCB00004C0E002070B5244C2378012B0D
:1027800005D104F04FFF224B1860022323702378F9
:10279000022B13D104F046FF1D4D2B68C01A1D4BB0
:1027A0001A881E235343984208D30121082005F0BC
:1027B000F5F904F037FF0323286023702378032BF7
:1027C00016D104F02FFF124D2B68C01A114B1A8836
:1027D0001423534398420BD30021082005F0DEF95F
:1027E00004F020FF00220C4B28601A700423237091
:1027F0002378042B09D104F015FF054B1B68C01A80
:10280000064B984201D90023237070BD8604002036
:10281000880400203C0000208C0400200F270000CA
:10282000F8B5164D6B7B002B12D00124144E154FBA
:1028300033783C70002B04D104F0F4FE124B34705A
:102840001860AC7B002C04D00121092005F0A6F90A
:10285000F8BD04F0E7FE0C4B1B68C01A0B4B1A883E
:10286000142353439842F3D32100092005F096F92D
:1028700028003C70347002F0EBFDE9E7B003002063
:10288000D5030020D4030020D00300203C0000200A
:1028900010B50E2005F0C8F80D4C0E4A23785B00E9
:1028A00098520F2005F0C0F823780B4A5B0098522D
:1028B000142005F0B9F82378084A5B0098521520D7
:1028C00005F0B2F82378064A5B00985210BDC04666
:1028D000400400201C0300200A0300206E04002096
:1028E0005C040020F8B507000E0000240025A64275
:1028F0000ADD6300F85E06F009F9011C281C05F0EA
:1029000027FD0134051CF2E7300006F0FFF8011C3A
:10291000281C05F0B7FEF8BDF0B5484B85B01C7813
:1029200047482100FFF7DEFF2100071C4548FFF75D
:10293000D9FF2100061C4448FFF7D4FF2100051CE5
:102940004248FFF7CFFF0122414B041C1A70414956
:10295000381C05F0A9FF404905F0A6FF3D49071CBA
:10296000301C05F0A1FF07F0B9FE00223B4B07F039
:10297000AFFAC0223A4BD20507F038F807F000FF53
:102980003449061C281C05F08FFF364905F08CFFE2
:102990003049051C201C05F087FF07F09FFE002230
:1029A0002E4B07F095FAC0222D4BD20507F01EF8EA
:1029B00007F0E6FE311C041C381C05F075FF211CD5
:1029C0000290281C05F070FF0390381C07F086FE6B
:1029D000254B03220093022304F0CCFD301C07F0AA
:1029E0007DFE224B03220093022304F0C3FD281C2A
:1029F00007F074FE1E4B03220093022304F0BAFD7D
:102A0000201C07F06BFE1B4B03220093022304F0F3
:102A1000B1FD029807F062FE174B032200930223D8
:102A200004F0A8FD039807F059FE144B032200930D
:102A3000022304F09FFD05B0F0BDC0464004002015
:102A40001C0300200A0300206E0400205C04002008
:102A500041040020EF33533B3333F7400000F83F8D
:102A600066660340EC51D83F28030020160300207F
:102A70007A04002068040020C8030020800400209D
:102A800000B50C490C4B09780C4A95B09B7B927BA6
:102A900002910B4905A8097801910A49897B0091A7
:102AA000094908F0AFFC05A9084804F012FD15B06B
:102AB00000BDC046D4030020D803002044040020F9
:102AC0008C040020B00300208CCC00004C0E0020B1
:102AD00000B5084B97B00193074B084A009308498B
:102AE000084B02A808F08EFC02A9074804F0F1FC8C
:102AF00017B000BD680400207A04002028030020DD
:102B000061CC0000160300204C0E002070B5092493
:102B100013260A250121300005F040F8280004F0B2
:102B2000B7FD0021300005F039F8013C280004F021
:102B3000AFFD002CEED10121132005F02FF870BD60
:102B4000202210B5037A13401A1E02D0FFF7D6FADE
:102B50000200100010BD0000F8B518300F0014007E
:102B60001D000600FFF7ECFF00281DD039003000E3
:102B7000FFF7E6FF011E09D07F22037A1340042BE2
:102B800003D0052B01D0002100E001682A002000BD
:102B900007F0FCFE054D0699280004F09AFC210080
:102BA000280004F0ADFCF8BD2070FCE74C0E0020BE
:102BB000437C002B06D1C3685A1CC2601B78037487
:102BC00001234374007C704710B504002000FFF718
:102BD000EFFF0A2807D8092809D200280AD00123C4
:102BE000002023720AE00D2801D02028F7D100230D
:102BF0006374EBE7207A431E9841013010BD70B535
:102C000005000C00207800280CD02800FFF7D0FF2A
:102C1000002806D02378834205D1002301346B7449
:102C2000F0E7022070BD0320FCE770B504000D0042
:102C3000FFF7BEFF0023A84201D1637401331800DF
:102C400070BD37B5C3B27F2804D80A68501C08602D
:102C5000137037BD00226C4622703F246D4623401E
:102C6000803A134380096B7085B2C3B21F2D0ED812
:102C7000403213436A4693706B460333013B187826
:102C80000028E6D00A68541C0C601070F6E76D4608
:102C9000234000041343800DAB70C3B20F2805DC42
:102CA000202252421343EB7001ABE7E71C40102394
:102CB00080115B4218436B462243EA70287105334A
:102CC000DCE70000F7B505000026FFF771FF6E7422
:102CD00001902800FFF76CFF0024019A03006C7438
:102CE000824255D0A04201D10220FEBD5C284AD1CB
:102CF0002800FFF75DFF0028F6D0264B752838D155
:102D000004276C742800FFF753FF0028ECD04028FC
:102D100005D83038C0B20F2805D90320E5E72023B5
:102D200098433738F6E700232401013F0443FFB2FC
:102D3000A4B26B749F42E5D1A0239B01E318164A0D
:102D40009BB2934202D8A405A60DC2E790239B0133
:102D5000E3189BB22000934206D880238005B4027A
:102D6000800D20435B02C0182900FFF76AFFB0E71F
:102D700002331A78002AD0D09042F9D15B78002B28
:102D8000CBD000226A742A68511C29601370A0E716
:102D90002000AAE773CF0000FF03000000232F28C4
:102DA00006D90133392803D95E2803D97A2804D8F3
:102DB0001800704700234028FAD900235A22824283
:102DC0005B41DBB2F4E7F8B5DEB204000F00052585
:102DD000002E0CD000234374FFF7F6FE051E06D12B
:102DE0007D212000FFF721FF002838D00025280092
:102DF000F8BD2000FFF766FF051EF8D12000FFF7A1
:102E0000E3FE051EF3D13A212000FFF70EFF002854
:102E100036D0236838001D706168FFF76FF900280D
:102E20003FD00100731E0022200000F04FF8051E65
:102E3000DDD12000FFF7C8FE051ED8D17D2120007E
:102E4000FFF7F3FE0028D1D12C212000FFF7EDFE83
:102E5000002815D02000FFF7B7FE051EC7D1236854
:102E600020006360FFF7A4FE2728C2D02228C0D02C
:102E70002000FFF79DFE0500FFF790FF002801D11D
:102E80000325B4E700236374236820005A1C2260E2
:102E90001D70FFF78DFE0500FFF780FF0028F1D1C0
:102EA000ACE7236818702368616901332360380038
:102EB0006568FFF748F9002805D07F22037AC560CE
:102EC00013400372ADE7042591E70000F7B5040055
:102ED0000E001F1CFFF778FE051E01906AD120002E
:102EE000FFF766FE662800D185E01ED8272804D0AB
:102EF0005B2823D0222800D087E02368200063606D
:102F0000FFF7E0FE051E55D17F2123681870236866
:102F100060685A1C2260327A1B1A8A43110004220C
:102F20000A4332723060736044E0742855D07B28C5
:102F300042D06E2800D068E04C4958E07F22337AB6
:102F4000FFB293431A004023134335607560337218
:102F50000525002F2ED06B461B7920006374FFF7E8
:102F600033FE051E26D15D212000FFF75EFE0028FE
:102F700000D075E061693000FFF7E5F8011E00D16F
:102F800072E07B1E00222000FFF7A0FF051E11D17A
:102F90002000FFF719FE051E0CD15D212000FFF770
:102FA00044FE00285CD12C212000FFF73EFE0028C3
:102FB000E0D103252800FEBD7F22337A356093439C
:102FC0001A0020231343337275603B1C002231002A
:102FD0002000FFF7F8FE0500ECE77F22337A244952
:102FE00093431A00062313433372012333702000E6
:102FF000FFF705FEEFE77F22337A357093431A001F
:103000000623134333721B49F1E72000FFF7D0FD7D
:1030100000252027EBB22F280CD939280CD80135F0
:10302000402D1FD0002363746319D8752000FFF76B
:10303000BFFDEFE72B28F2D002002D3AD2B2012AD1
:10304000EDD90200BA43D2B2452AE8D000222000CE
:10305000E3181A7618303100FFF792F80028A8D04C
:103060000025A7E73F23F1E70425A3E76ECF000083
:1030700063CF000068CF00001FB50422144B01216C
:103080001A60002206205960DA73124B5960DA7315
:103090001860114B0138186010485960DA7302F05B
:1030A000DCF90F4802F0D9F90E4B0F4C0293019353
:1030B00001235B42009340220C4B8021200001F051
:1030C000C9FC0B4A0B49200004F05AFE1FBDC04644
:1030D00044040020D8030020B0030020380400205E
:1030E00090040020A0860100440300201405002065
:1030F00000000020B94A000030B5012585B0124B10
:10310000029500229B5E114C0193114B002100227D
:103110009B5E2000142200930E4B01F0DEF920008C
:1031200002F084F8FA20800004F0B2FA29002000AE
:1031300001F011FDFA20A84004F0AAFA00212000B5
:1031400001F009FD05B030BD34000020440300202B
:1031500038000020C3CC000030B51E4C85B02000E4
:1031600001F090FD0121200001F009FC0021012364
:1031700061610293DB1801930A3300930A007433F0
:10318000200001F044F9144B14492361144B1B78BF
:10319000002B1AD01349022B17D01349032B14D03C
:1031A0001249042B11D11249200004F08EF9FFF7C7
:1031B000A3FF104D2878FFF79DFA2878FFF77EFAD5
:1031C000200002F033F805B030BD200004F07DF996
:1031D000EFE7C046440300200200020061CB00007C
:1031E0008604002074CB000084CB00009DCB00003F
:1031F00092CB00002E03002070B54C4C4C4EA544E1
:103200004C49300004F065F904F00CFA4AAC54ABB8
:103210002A224A93636086ABA360E3600023050023
:10322000FF326A442374D37704F0FCF9424B401B0D
:1032300098423AD8300003F031FE0028F4DD18AD92
:10324000C8232A000A21300004F07BF90023EA5C3D
:1032500001337D2A66D10022EA54384E18AD384930
:10326000300004F032F92900300004F032F9354919
:10327000300004F03BF92A217F20FF3169444A9B4A
:10328000CA7F6360E3688243CA77A3606A4600230B
:1032900050A9137453762374039300220A2302A8BF
:1032A000029505950794FFF711FE274B274D0093D4
:1032B0002A68200014232649FFF74EFC254B2000E6
:1032C00000936A6814232449FFF746FC234B20002F
:1032D0000093AA6814232249FFF73EFC214B2000EB
:1032E0000093EA6814232049FFF736FC1F4B2000A7
:1032F00000932A6914231E49FFF72EFC1D4B200062
:1033000000936A6914231C49FFF726FC1B4B1C49D8
:103310000093AA6914232000FFF71EFC86239B005C
:103320009D4470BDC82B00D091E796E7E8FDFFFFF4
:1033300050070020DFCB0000E70300004C0E002008
:1033400032CC00003ECC0000E9CB00007800002029
:10335000E4CB0000F4CB0000F0CB0000FECB00007B
:10336000FACB000009CC000004CC000017CC000010
:1033700010CC000023CC000020CC00002CCC00009E
:1033800028CC000070B5294D2949280002F027F803
:10339000284C2749200002F022F82549264802F04F
:1033A0001EF86B7B002B02D1637B002B0AD001231C
:1033B000224A28001370224A137002F049F82000B4
:1033C00002F046F8FFF7D8F9FFF72AFAFA211D486C
:1033D000090102F046F8002801D0FFF70DFF04F0C4
:1033E00021F9194D194C2B68C01AC72807D904F0C8
:1033F00019F92860FFF74CFA2378013323702378FA
:10340000052B0AD9FFF788FAFFF762FBFFF738FBB5
:103410000F4804F063F800232370C8210D4802F020
:1034200020F8002801D0FFF797FE70BD440400206B
:10343000B80B0000D8030020B00300208C0400204B
:1034400086040020380400200404002040040020EA
:103450004C0E00209004002070B5E1253B4C6D021D
:103460002900200002F0A2FB2900394803F00EFDDC
:10347000384804F00DF93849200004F037F8374D8A
:10348000280000F069FA0121082004F03BFB01212B
:10349000092004F037FB0121072004F033FB002151
:1034A000042004F07BFB0021052004F077FB0021C1
:1034B000062004F073FB0021082004F06FFB0021BC
:1034C000092004F06BFB0121072004F067FBFA20C0
:1034D000800004F0DDF80221122004F013FB01212A
:1034E000132004F00FFB1E49200003F0FFFFFFF73D
:1034F0000DFB642004F0CCF81A49200003F0F6FF1D
:10350000280000F0FBF92800174900F017FA2800FE
:10351000322104F014F81549200003F0F1FFFEF702
:1035200053FFFFF7E9FD124801F030FF114801F0A9
:103530002DFF114801F02AFF04F074F80F4B1049D9
:103540001860200003F0D2FF70BDC0464C0E002072
:1035500050070020C409000084CF0000140500209B
:10356000A1CF0000B0CF0000A0860100BBCF0000BB
:1035700044040020D8030020B00300209804002059
:10358000C9CF000070B506000C008D18AC4207D002
:10359000336821789B683000984720700134F5E744
:1035A00070BD7047704710B50400406802F098F88D
:1035B0000023237610BD10B5406802F0B6F810BDA8
:1035C000F8B5050040680C0002F0AAF82B68E7B2D5
:1035D000260A9B68012810D139002800FF27984748
:1035E0002B68BC4304439B683100280098470302C2
:1035F00020003840184380B2F8BD310028009847B9
:10360000FF262B680002344004439B6839002800E1
:103610009847B4432043EEE710B5040004F082F865
:10362000200010BD10B54B1C0BD0102909D0EFF3B2
:10363000108472B6102905DD02234376002C00D1D8
:1036400062B610BD0123427E1A43427618224A43D5
:103650000449891816228A569340C2691343C361EC
:10366000ECE7C046E0DA00004B1C17D0102915D05B
:10367000437E9B0712D4EFF3108272B618234B439C
:103680000749C9180123897D49B28B40C169994313
:10369000C16100D14176002A00D162B67047C046B0
:1036A000E0DA0000437E002B05D09A0704D5837E24
:1036B000002B00D062B67047DB07FCD5C369024A15
:1036C0009BB2D360F7E7C04600180040037E002B92
:1036D00004D143768376C3610133037670470000DB
:1036E0007FB5036902AE04000D00029172608B4247
:1036F00003D1828AB3889A4226D020000622310064
:10370000103007F043F9606802F001F87379E17A4C
:10371000013B581E8341227B00936068002302F026
:1037200093F933790021013BDBB2022B01D8074A20
:10373000D15C074B2A009D4200D91A00606801F055
:10374000B7FF606801F0D9FF7FBDC046D6CF00004B
:10375000001BB70070B518260400FFF7B7FF330051
:103760000821207A0D4D4343EB18595604F05AFABC
:1037700033000821A07A4343EB18595604F052FA5B
:103780000821607A4643AD19695604F04BFA044BA0
:10379000200006CBFFF7A4FF70BDC046E0DA0000B2
:1037A0000C05002007B5437E00910192002B07D045
:1037B0009A070AD5EFF310835A425341837672B6C3
:1037C0000099019AFFF78CFF07BDDB07F8D5C369A5
:1037D000014A9BB29360F3E700180040F7B500245C
:1037E0000125194B194A5D711A601C71184B194853
:1037F000083301930360184B184F4360184B194E60
:1038000003810D233A00310045750461047583720C
:103810000A3B0476C472037304F0B2FA1248134BE5
:10382000019A4360124B45750381192331000260F0
:1038300004613A0004758372163B05730476C37203
:1038400004F09EFAF7BDC0460C05002000093D00BB
:10385000DCCF0000CC040020240E0020000000205B
:103860000C0B0000A5350000EC0400202C0E0020FD
:10387000171600000020704710B503689C6B0123E9
:10388000A04710BD8C2300229B00C154103BC318DD
:103890005A609A60DA6001238375704710B5036837
:1038A00001211B6B984710BDF8B505000E001700ED
:1038B0000024BC4208D02B68315D1B682800984763
:1038C000002801D00134F4E72000F8BDFC30406A44
:1038D000704770478E239B00C15070478D239B001B
:1038E000C15070470300FC335A6A002A03D01B6A98
:1038F000C018007E704701204042FBE770B506000B
:1039000018250C49006902F0E9F8306901F027FF39
:103910002B000821307D084C4343E318595604F02E
:1039200081F90821707D45436419615604F07AF9E4
:1039300070BDC046A0860100E0DA000070B504004A
:103940000D00006901F020FF2900206902F0C6F88F
:10395000206901F004FF70BD10B5006901F014FF8B
:1039600010BD0000F7B50193FA238026002504005E
:103970009B008360134B760008330F0045602900DD
:10398000009203603200183007F01CF8230020007A
:10399000FC332530DD6132001D6229005D62FF309D
:1039A00007F010F888239B00E3185D609D60DD60E0
:1039B0006B461B78276123756B461B79A575200024
:1039C0006375FEBD18D0000070B5060018250069AB
:1039D00002F05FF8306901F0C2FE2B000821307D53
:1039E000064C4343E318595604F01CF90821707D36
:1039F00045436419615604F015F970BDE0DA000022
:103A000010B50022FFF7E0FF10BD0300802210B5C3
:103A1000FC33DC685200944208D05A6881545A68DA
:103A20000132D2B25A60DA680132DA6010BDF7B5FD
:103A30000400171E019302D100252800FEBD0300DB
:103A40000022FC33DA611A625A620069013201F025
:103A5000CDFE061EF0D0230020691833009301F03C
:103A600058FF01000098FFF7D0FF01252069BD42F3
:103A700014D001F02CFF00280FD0206901F096FE31
:103A80000221206901F09CFE206901F042FF010043
:103A90000098FFF7BAFF0135E8E70600206901F05A
:103AA0007DFE019B002B06D0002E06D0032120694D
:103AB00001F086FEC1E7002EBFD1013DBDE7002326
:103AC00010B5827D9A420CD0882292008218D46868
:103AD00080225200944204D02530FF30FFF795FF3A
:103AE0000123180010BD0300FC33DA68002A09D056
:103AF0009A68805C9A680132D2B29A60DA68013AB8
:103B0000DA60704701204042FBE700228C2370B549
:103B10009B00827504000E00C15C006901F066FE26
:103B2000002806D10321206901F04AFE0225280061
:103B300070BD88239B00E318DD68002D11D02000A4
:103B40002530FF302569FFF7CEFFC1B2280001F014
:103B50008FFE0028EDD10321206901F031FE0325FD
:103B6000E5E7002EE3D00321206901F029FEDEE71E
:103B700010B51830FFF7B7FF10BD70B5040000692D
:103B800001F09CFE002815D0206901F0AEFE00284F
:103B900011D0206901F00AFE0321206901F010FE16
:103BA0008E239B00E558002D35D10023FC34E361C2
:103BB0002362636270BD206901F0A1FE002809D074
:103BC000206901F097FE002804D0206901F09CFED6
:103BD0000028DED0206901F092FE002821D1206962
:103BE00001F07EFE0028E5D0206901F08DFE00285E
:103BF00033D088239B00E318DB68FF21002B05D01E
:103C000020002530FF30FFF76EFFC1B2206901F0C0
:103C100047FEA075CEE7236820001B699847A84798
:103C2000C3E7206901F0C2FD2069032101F0C8FD4E
:103C3000206901F069FE0028BCD0882300229B0087
:103C4000E3185A609A60DA600123A3758D239B0004
:103C5000E3589342AED09847ACE72300FC335A6A4E
:103C6000802320695B009A4206D101F097FD032171
:103C7000206901F0A5FD9DE701F04BFE0100200049
:103C80001830FFF7C2FE206901F090FDEFE7000059
:103C900010B50248FFF771FF10BDC04614050020A3
:103CA00010B51323122202490248FFF75BFE10BD34
:103CB0003C0E0020140500207047F0B51D0089B0AF
:103CC0000EAB00241C5F0FAB1B8816000693A31AD3
:103CD000DA179B18534002936B1ADA179B1853405C
:103CE0000393039A029B0190934205DC23002C006E
:103CF0001D0033000E001900A64205DC2B000D004C
:103D00001900230034001E00331B9BB204934B1B8D
:103D1000DA179B18534007936B4610229A5ED30F15
:103D20009B185B10009301238D4221DA0593B44266
:103D300024DC019B039A1B689B691F00029B934232
:103D400018DD22002900069B0198B847009B079ABE
:103D50009B1A9BB21AB20092002A06DA059AAD1895
:103D6000049A2DB2D3181BB20093013424B2DEE7BB
:103D70005B42DBE7069B2A002100E5E709B0F0BDC6
:103D8000704710B504682469A04710BD37B506AC6C
:103D9000258804680095A46BA04737BD37B506ACED
:103DA000258804680095E46BA04737BD73B506AC61
:103DB0000025655F07AC2688046801960095246C91
:103DC000A04773BDF0B5160004000D0085B0039345
:103DD0000AAB1F8803685B699847039B2268013B15
:103DE0009B191BB200930197976A2B0032002900A0
:103DF0002000B84723682000DB6A984705B0F0BD73
:103E0000F0B505001C000E00170085B00AAB1B883A
:103E1000013C03930368A4195B69984703992A68D6
:103E20000191009723B23100946A28003A00A0471C
:103E30002B682800DB6A984705B0F0BDF0B50E008E
:103E400087B003930CAB029200229B5E05000493A3
:103E50000DAB1B883400059303685B699847039A90
:103E60002B68B21894420ADA059A210000921F6A60
:103E7000029A049B28000134B84724B2EFE7DB6ABA
:103E80002800984707B0F0BD13B501910E24015FDB
:103E90000C22835E02680091146C00221100A0477E
:103EA00013BDF0B5040015000E0087B004930CABF1
:103EB00000229B5E05930DAB1B88039303685B692F
:103EC0009847039A236800925F6A2A00049B310096
:103ED0002000B847059B03995A1E23680091521988
:103EE0005F6A3100049B200012B2B847039A23682E
:103EF00000921F6A2A00059B31002000B8470499F0
:103F0000039A236801390092891909B21F6A2A00AD
:103F1000059B2000B84723682000DB6A984707B05C
:103F2000F0BD7047F0B585B01E000AAB0027DF5F1B
:103F30000BAB1B8814000500029103930268B14289
:103F400010D1BC4202DC3B0027001C000399013465
:103F50000091E31B966B1BB23A0002992800B04710
:103F600005B0F0BDBC4211D1029BB34202DC33006C
:103F7000029E0293029B0399013300919B1BD76B16
:103F80001BB2220031002800B847E9E7536998477F
:103F9000039A2B68019200979F6A28003300220041
:103FA0000299B8472B682800DB6A9847D8E70323B3
:103FB000194010B50822835E81760A24025F012928
:103FC00004D0032902D08381C28110BD8281C381C4
:103FD000FBE700004281C28101225242426102227B
:103FE000002310B5FF32074C0283013A0834FF3A30
:103FF000436004600181818103618376C276037727
:10400000036210BD68D50000F0B58BB0019310AB12
:104010001B780592069311AB1B88012202936B4615
:104020009B880400D21A5B005B421BB209930023F9
:1040300012B2049103920793079B019A934200DB0B
:104040009AE0039B002B0CDB1300013B1BB2019396
:10405000099B02339BB21AB20992039A9B181BB2B6
:104060000393079D0135ABB200936B4600229B5E24
:10407000039A0793009B5B0001339B1804221BB239
:104080000393069B13421AD06B461D8A9F889E8A13
:10409000009BF219E918236812B29B69089509B2CE
:1040A0001D002000029BA847009B2000F618089BDB
:1040B00032B2DD19236829B29F69029BB8470222F8
:1040C000069B13421AD06B461D8A9F889E8A009BCE
:1040D000F21BE918236812B29B69089509B21D000A
:1040E0002000029BA847009B2000F21A089B12B2F6
:1040F000DD19236829B29F69029BB847069B1B07FD
:104100001AD56B461D8A9F8A9E88009BA91BFA18A8
:10411000236812B29B69089509B21D002000029B1A
:10412000A847009B0899F619C91A236832B29F69FB
:1041300009B2029B2000B847069BDB0700D47BE74F
:104140006B461D8A9F8A9E88009BA91BFA1A2368CA
:1041500008959B6920001D0012B2029B09B2A84776
:10416000009B0899BE1BCD1A236832B29F6929B201
:10417000029B2000B8475FE70BB0F0BDF0B51C0014
:104180008FB00692012214AB1B780591079316ABF2
:104190001B8805000893A3B2D11A93405B421BB25F
:1041A0000C9315AB1B8809B209939B189BB20B9318
:1041B0000023039104930D92049BA3427DDA039B99
:1041C0000294002B0BDB631E1BB202930C9B023389
:1041D0009BB21AB20C92039A9B181BB20393049ED3
:1041E000039A0136B6B233B2049373009BB20A93BA
:1041F00001339B181BB20393049A029B93422BDB5F
:10420000079B0D9A134211D06B461A890B995300E4
:10421000CB180699089F8A1A059928687118009783
:10422000076A1BB212B209B22800B8470222079BE4
:10423000134211D06B461A890B995300CB1806997B
:10424000089F8A1A05992868891B0097076A1BB27C
:1042500012B209B22800B847029B9C422BD0079BA0
:104260000D9A134211D0099B0A9A013BD318069A62
:10427000089F059928680132921B09190097076A5F
:104280001BB212B209B22800B8470222079B1342A0
:1042900011D0099B0A9A013B0599D318069A091B6C
:1042A000089C28680132921B0094076A1BB212B264
:1042B00009B22800B847029C7EE70FB0F0BDF0B508
:1042C0008DB01F0012AB150000229B5E0B9107936F
:1042D00013AB0021595E14AB1B88040003936B469B
:1042E0009A8B079BBB4200DD3A1C12B2D30F9B187E
:1042F0005B101E1C8B4200DD0E1C33B2059323683D
:1043000020005B6998476B469B8DB2B20893B3B2AD
:104310000693089B76009B181BB20493BBB20993CB
:10432000B3B20A930A9A099B04999E1A039A2368C6
:10433000009236B25F6A2A0033002000B8476B460D
:10434000ADB29F8B6B1EFB189BB207936B46039914
:104350001C229A5E236800915B6A04999C462000A7
:1043600033006646B047069B039A5D190A9B2DB23F
:10437000FE1A2368009236B21F6A2A0033000B9996
:104380002000B847089B039A5F1E099B0092DF1923
:104390002368BFB21B6A39B29C462A003300200052
:1043A0006646B047039B2A000193012304990093BA
:1043B0002000059BFFF728FE069B2A00FE1A039BA0
:1043C00036B201930223310000932000059BFFF7D2
:1043D0001BFE079B069A31009D1A039B2DB2019389
:1043E00004232A0000932000059BFFF70DFE039B8A
:1043F0002A0001930823049900932000059BFFF7EE
:1044000003FE23682000DB6A98470DB0F0BDF0B5CD
:104410008DB01E0012AB0B9200229B5E0F00059325
:1044200013AB0021595E14AB1B88040006936B4646
:104430009A8A059BB34200DD321C12B2D30F9B183F
:104440005B101D1C8B4200DD0D1C2BB20A932368F0
:1044500020005B699847BBB207930699ABB20893FB
:10446000079B0191AAB205996D009F182268B3B20B
:10447000AEB200913FB209939B1BD56939000B9AEC
:1044800020001BB2A847089A0B9B944663441DB2B8
:10449000059B2000013B9E1B079B36B2591E099BC2
:1044A00001965918069B891A029301232A0000934A
:1044B00009B20A9BFFF762FE069B2A0002930223C1
:1044C0003900009320000A9B0196FFF757FE2368EE
:1044D0002000DB6A98470DB0F0BDF0B58DB00893B1
:1044E00012AB039200229B5E0791049313AB002250
:1044F0009B5E0400099314AB1B880A9303685B69F5
:1045000098470722049B039FD91DCB1713405B18C4
:10451000DB10059300231D0001930B92039ABBB29D
:1045200006939B1A099A1BB29A422BDD0023049A28
:1045300093421EDA9AB202920B9A6D0099B2EDB2D2
:10454000114204D1089A0199DB105218D55C6BB264
:10455000002B0ADA079B029A2000D118236809B2BF
:104560009B693A001E000A9BB047029E013633B297
:10457000DDE7059A019B9446069F6344013701934A
:104580003FB2CBE723682000DB6A98470DB0F0BD4F
:10459000F0B595B01D001AAB1B88040005931BAB4A
:1045A0001E881CAB1B78089103931DAB1B780492EB
:1045B0000293036A002B00D0C4E00C22835E8B427E
:1045C00000DC7DE00E22835E049A934278DD0623B0
:1045D000039A53435B18002B72DD029B049ADB00A5
:1045E0009B18002B6CDD037F002B03D1AF2D01D96D
:1045F0000135EDB2236820005B69984705235D43D0
:104600000B9300230793984B5B190F93079A0F9B0B
:104610009B5C0A936B469B8B09936B469B890D931E
:104620006B460D9A1F8C099B5343FB181BB20E93CC
:1046300008230C930023069301220A9B206813424F
:1046400052D06B461A8B198A039B012B3AD1029BDD
:10465000012B37D1099B52188569D919059B12B2D4
:1046600009B22000A847069B01335BB206930A9B60
:104670005B080A930C9B013BDBB20C93002BDBD154
:10468000079B01335BB207930B9B013BDBB20B93A0
:10469000002BBBD1059BB3420ED0039B2268012B9C
:1046A0003FD1029B012B3CD105370096156A39B2E8
:1046B0000733049A2000A84723682000DB6A984744
:1046C00015B0F0BD6B460C255B5F029D6A438A18EE
:1046D000059912B2019169460825495F0091C569A3
:1046E0000E992000A847BEE7059BB342BBD06B469E
:1046F000198B1A8A039B012B0AD1029B012B07D12C
:10470000099B5218D91912B209B285693300A8E77A
:104710006B460C255B5F029D01966943521812B2ED
:10472000D9E76B460C215B5E05210D98019641434C
:1047300002987918C0000090D56909B2049A200047
:10474000A847B9E71A7AAD1AEDB25A68ED001B68AE
:10475000551913932B880993AB780D93EB7811932C
:104760000523EB560E930623EB560F93039B012B69
:1047700002D8029B012B56D96B4638229B5E0B93C5
:104780006B463C229B5E0C930027236820005B69EC
:10479000984707970697119B069A9A4200D38BE792
:1047A0006B461B8A00260A930C9B9B18029A534364
:1047B0000A9AD3181BB210933B000D9A96424BD223
:1047C0005A1CD2B212920722134207D1099B0999AF
:1047D000139A0133525C9BB2079209936B461B7F7D
:1047E0005BB2002B17DA6B46198C039B2068012BF8
:1047F0001DD1029B012B1AD10A9B0F9A9A18069B76
:10480000D2180E9B12B2C918836989191D0009B20A
:10481000059B2000A847079B01365B00DBB207938E
:10482000F6B2129BC9E700230C930B93ACE76B46DF
:104830000C229B5E0B9A039D92196A438918059A74
:1048400009B201926A460825525F0092C2692000AF
:104850001500109AA847DEE7069D0D9B0135FF184D
:10486000EBB2FFB2069396E768D00000F0B5026A9B
:1048700085B004000B00002A34D10A2908D1437EF8
:104880000282DB00628A9B186382012005B0F0BDC2
:104890000D29FAD0E17E007E657E00290ED010261B
:1048A000A15F0626464389190C27E65FB14205DD64
:1048B0001226A15F2282EA00521862820290E08AE8
:1048C0001221625E0190A08A1026A15F00900395DC
:1048D0002000FFF75DFE0622237E5343228A9B18A9
:1048E0002382D2E70A2905D100230382127B437E6B
:1048F0005343C7E70D29C8D0117A8B42C5D3907AAC
:104900009842C2D3591AC9B25068C9004518AF7845
:10491000002F28D0E978002925D0E17E207E667E10
:10492000002913D005216956C91941438C4610212D
:10493000675EBC440C21675EBC4507DD1227E15F62
:1049400000272782127B7243521862820290E08A0B
:104950001221625E0190A08A1027E15F0090039609
:104960002000FFF715FE2B79227EB6E7002900D143
:1049700001310176002A00D101324276704710B52C
:104980000A00FFF7F3FF10BDF0B500291BDB0C2573
:10499000445F8C4217DD002A15DB0E25445F9442EC
:1049A00011DD847E022C0FD0032C16D0012C04D1F3
:1049B000D2430489A4180A0021B2012B13D0002B82
:1049C00022D0022B32D0F0BD0489013C611AD443BD
:1049D000428909B2121912B2EFE74489013C641A04
:1049E000110022B2E9E70725D4172C40A4182A4069
:1049F00093400827C65FE41074436118C46A6118C5
:104A00000A7813430B70DEE70724D31723409B1863
:104A10000826855FDB106B435918C36A224059187A
:104A2000012393401A000B789343EBE70724D31735
:104A300023400826855F9B18DB106B435918C36A17
:104A4000012022409040020059180B785A400A7009
:104A5000B9E7000070B5002504001E0012B204ABD7
:104A600009B25D57FFF7B6FA104B083323600023F5
:104A700063629E4200D10E4E2100FF223331A662B6
:104A8000E3620A704A708A70CA7022003732157069
:104A9000059A2000A265069AE265064A626622002F
:104AA000643213710123537170BDC04660DA000097
:104AB0001405002000093D00054B10B50833040023
:104AC0000360C06A002801D005F044FF200010BD3B
:104AD00060DA0000F8B50400806A0D00002814D0E8
:104AE0002300303319780368DB6A9847A06A0021F5
:104AF00003681B689847A06A290003681B689847E9
:104B0000A06A03685B6B9847F8BD226C216D13683F
:104B1000606A8B431360002804D0036829009B68F7
:104B20009847F1E708218020E36BA26BA76C166819
:104B300028420ED03E4316601E68E76C01393E43A2
:104B40001E601E68E76C4008BE431E600029EDD160
:104B5000DAE7BE43EFE770B50400806A0D00002875
:104B600012D00368A16D9B6A984729004D1EA94188
:104B70002000A631FFF7AEFFA06A002812D003681C
:104B8000E16D9B6A984770BD606A002804D0036895
:104B9000616EDB69A26E9847626C616D13688B432E
:104BA0001360E2E7626C616D1368606A0B43136027
:104BB0000028E8D003681B6A9847E4E7F7B50400CB
:104BC000806A8B180D00019300282BD02700036802
:104BD00030373978DB6A9847A06A002103680126DC
:104BE0001B689847A06A019A0368954217D0FE2E69
:104BF0000CD95B6B9847A06A397803680126DB6A99
:104C00009847A06A002103681B689847A06A297822
:104C1000036801361B689847B6B20135E2E75B6B63
:104C20009847F7BD226C216D13688B431360019B7D
:104C3000AB42F6D02B78606A0093002805D0036859
:104C400000999B6898470135F1E708208026E36BBF
:104C5000A26BA76C0099BC4617680E420FD0614644
:104C60000F4317601F68E16C01380F431F601F6816
:104C7000E16C76088F431F600028EAD1E3E76146C4
:104C80008F43EEE7072110B50A22835E0733DA1758
:104C90000A40D2180821435ED2105A43C06A00214C
:104CA00005F090FE10BD0000F0B587B004930CAB8A
:104CB0001B7804000593C36A0E001500002B1BD05F
:104CC0002000FFF7DFFF0A23E25E0823E15E202ACF
:104CD00025DC203AD30F9A180B00733BD90FC91863
:104CE000012302931F335210491001935333009351
:104CF00012B209B2B04B24E00A22835E07220733C6
:104D0000D8171040C0180822A35EC010584305F001
:104D100017FEE062031ED3D1180007B0F0BD403A81
:104D2000D30F9A180B00523BD90FC91801230293D5
:104D30003F33019312335210491000939F4B12B22C
:104D400009B22000FFF7C9FB230031331E70A06AAF
:104D5000002800D19CE0002D00D097E00A23E55EFA
:104D6000203D6B1E9D413C35230030331D70059B5B
:104D7000002B00D11BE10368DB699847049B002BE3
:104D80001BD02500002037352856002815DBC0B27F
:104D9000012102F0B7FE0121287802F0FFFE012078
:104DA00002F076FC0021287802F0F8FE0A2002F0DA
:104DB0006FFC2878012102F0F1FEA06A002800D1E2
:104DC000CBE00368A16D9B6A984704227C492000D0
:104DD000FFF7F4FE618920000139C9B2FFF77AFEBE
:104DE0002500784904222000FFF7E8FE0023313532
:104DF000EB561421012B00D104392000FFF76AFE85
:104E00002600042270492000FFF7D8FE8F23603669
:104E10003370A3686D4A022793420BD06C4A9342C9
:104E200000D0A8E00022AA56CF23012A00D1303BAF
:104E300012273370DA212000FFF74CFE39002000E2
:104E4000FFF748FE81212000FFF744FE3178200063
:104E5000FFF740FED9212000FFF73CFE0023EB5670
:104E6000F121012B00D1CF392000FFF733FE2000C4
:104E700006225849FFF7A2FEA06A002800D188E068
:104E80000368E16D9B6A9847012345E76DB26BE7C4
:104E900025002700353528780121363702F032FE0B
:104EA0003878012102F02EFE002318210126EB564E
:104EB000494D4B435A574948D201121822643200D7
:104EC000EB185B689A4000232265FB564B435A5708
:104ED0004349D2015118121862643200EB185B6822
:104EE000606A9A40130062650A6913430B610028E7
:104EF00006D0059B002B00D140E70368DB6A3CE746
:104F0000270033373100387802F0FCFD23003433BA
:104F100005931878310002F0F5FD00231821FB56A7
:104F20002E484B435A57EB18D2011218A263320095
:104F30005B689A40059BA2641B785BB24B435A574F
:104F4000ED186B6826499E40D2015118E6640B6942
:104F50001218B343E2630B6110E7606A002804D0C3
:104F60000368616EDB69A26E9847626C616D1368BD
:104F70008B43136029E71B4A0227934200D059E76D
:104F80000022AA56AF23012A00D19F3B337002278B
:104F900050E7626C616D1368606A0B431360012314
:104FA000002800D1B8E603681B6A98476CE7049BA9
:104FB000002B00D0E5E604E780D80000C0D5000053
:104FC000C8DA0000CCDA0000D0DA0000800020004F
:104FD00080004000D4DA0000E0DA00001044004114
:104FE0000044004160001000F0B5140005AA1688C6
:104FF000002C41DB0A25425FA2423DDD002902DA96
:105000005B1800211BB20822855E5A18AA4201DDF6
:105010006B1A1BB2002B2FDD0727E2173A4012193B
:10502000D2105543C26A01203C40A0406918521872
:10503000C0B2012E0CD0002E13D0022E1CD1013B89
:105040001BB2591C18D01178414011700132F6E79B
:10505000013B1BB2591C0FD0117801431170013272
:10506000F6E7C043C0B2013B1BB2591C04D0117813
:10507000014011700132F6E7F0BD0000F0B505AC5B
:105080002588002976DB0824065FB14272DA002AFF
:1050900002DA9B1800221BB20A27C45FD718A74266
:1050A00001DDA31A1BB2002B64DDD2B2DCB2D3083F
:1050B00073435918C36A591807231A401FD0013384
:1050C0009A1A314BD2B29B5C944254D2FF26171BE2
:1050D0003E413340012D06D0002D08D0022D49D18C
:1050E0000E78734001E00E7833430B7002E00E78C7
:1050F0009E430E7094423DD30826835FC918A31ABD
:10510000DBB2072B22D9022D10D11A000C78083AF5
:10511000E4430C700825445FD2B20919072AF5D878
:105120000722134026D0194AD35C19E02C00621ED6
:1051300094411A006442E4B20C700827C65F083A32
:10514000D2B28919072AF7D807221340002B11D0B1
:105150000E4AD35C012D06D0002D08D0022D09D1B6
:105160000A78534001E00A7813430B7002E00A7892
:105170009A430A70F0BD012DB5D0002DB7D0022D95
:10518000AED08919BBE7C046B8DA0000C0DA00002B
:1051900037B5140006AA1588827E022A0DD0032A8C
:1051A00018D0012A11D1E2430489A41824B20A00BC
:1051B00000952100FFF762FF0BE0E2434489C91824
:1051C000A418028924B2511A09B200952200FFF7EF
:1051D0000BFF37BD4289C918511A09B2E7E737B545
:1051E000140006AA1588827E022A0DD0032A18D040
:1051F000012A11D10289E418141B24B20A00009577
:105200002100FFF7F1FE0BE0CA430189E418891879
:10521000428909B2141B24B200952200FFF72EFF29
:1052200037BDCA434189891809B2E7E7F7B50400D9
:10523000806A00284DD00368A16D9B6A98470522BB
:1052400050492000FFF7BAFC218920000139C9B27A
:10525000FFF740FC07210A23E25EA06A0732D3175A
:105260000B409B182289DB1053439BB20093E66AE4
:10527000002846D02700036830373978DB6A984722
:10528000A06A4021036801251B689847009BA06A1B
:10529000013B9BB20093009A036811003A4A914285
:1052A00025D0FE2D0CD95B6B9847A06A397803682E
:1052B0000125DB6A9847A06A402103681B6898476C
:1052C000A06A3178036801351B689847ADB2013692
:1052D000DCE7606A002804D00368616EDB69A26EB7
:1052E0009847626C616D13688B431360A7E75B6B33
:1052F0009847A06A002838D00368E16D9B6A9847F8
:10530000F7BD226C216D136801960B431360009B5F
:10531000013B9BB200931A001B4B9A42E9D0019BC0
:10532000606A1978002806D003689B689847019B3B
:1053300001330193EBE708208025E36BA26BA76C98
:1053400016680D420ED0374317601E68E76C0138AF
:105350003E431E601E68E76C6D08BE431E60002859
:10536000EDD1E4E7BE431660EFE7626C616D136850
:10537000606A0B4313600028C2D003681B6A984719
:10538000BEE7C046DADA0000FFFF00000300026853
:105390005B6810B5D0B20021002B00D1022102F0D1
:1053A000B1FB10BD10B50068C0B202F023FC10BD07
:1053B00010B50400FFF7F6FF6368984202D10120A0
:1053C000A07310BD0020FBE70B7810B55B000C004C
:1053D0000B70FFF7EDFF23781843207010BD70B5F8
:1053E0000D00010004000F31FFF7EEFF237DE07B8D
:1053F000002B2AD138229043C02805D1E373013312
:105400002373637A013363723822E37B9343072B60
:1054100009D1F833E37302F005F90123E372237A2B
:10542000206101332372E37BFF2B01D0002070BD8C
:1054300002F0F8F82369C01AA842F7D30120A37A32
:1054400060731B18A3722075F1E70028FBD0EDE70D
:105450000023C372037343737047002303704380B8
:10546000704770B504000D0002F0DCF8636800229C
:10547000C31A9D4201D860600132100070BD10B5A2
:1054800001211A2002F03EFB01211A2002F086FBC6
:1054900001211B2002F036FB00211B2002F07EFBC5
:1054A00010BD000010B5024801F0A7FE10BDC046B7
:1054B0005007002010B5024801F09FFE10BDC04605
:1054C0009409002010B5024801F097FE10BDC046B7
:1054D000D80B0020F0B51F4985B01F4800F058F8E0
:1054E0001E491F4800F054F81E4D1F49280000F0C7
:1054F0004FF81E4E1E49300000F04AF81D491E4864
:1055000000F046F81D4F1E49380000F041F8012414
:10551000032339000093019423000022194801F06D
:10552000E5FD00233100019300941D331E2216482F
:1055300001F0DCFD19230393013B0293163B019319
:105540000094143317222900104801F08BFD05B098
:10555000F0BDC046000800421C0E0020000C0042B6
:10556000240E00202C0E002000100042340E0020DB
:1055700000140042001800423C0E0020440E00209F
:10558000001C00425007002094090020D80B002086
:1055900000230371016070479446F0B59E1E721E91
:1055A00096416246056892072F6836063A433243B1
:1055B0002A60072505AC24780068A401294021430E
:1055C00042680024022B00D05C0311432143416058
:1055D000F0BD30B5C0250368AD031C6812052A4034
:1055E0002243C0240904A402214011431960036826
:1055F0005A6814435C6030BD0123026811680B4394
:10560000136003681A68D207FCD4DA69D207F9D4A8
:1056100070470223026811680B4313600268D36964
:105620009B07FCD470470268137E9B0702D4037962
:10563000002BF9D1002303717047002203685A83BD
:1056400070470368187E4007C00F70470368187ED4
:10565000C0097047802302685B42117E0B431376BA
:1056600070470368588B8007C00F70470223026899
:10567000518B0B43538370470368187EC007C00FDC
:1056800070470368188DC0B2704703681A7ED2074E
:10569000FCD589B2198501230371180070470122D6
:1056A00003689A757047012203681A7570470000F5
:1056B00070B5012604684B0833403140256809075E
:1056C0005B070B432B43236004685100034802F03F
:1056D00069FB0138C0B2207370BDC046006CDC02AB
:1056E0000123026811680B43136003681A68D2072C
:1056F000FCD4DA69D207F9D4704702230268116832
:105700000B4313600268D3699B07FCD4704703689E
:10571000DA699207FCD402211A688A431A6070473A
:10572000036818684000C00F70470268936A5B0AFC
:105730005B021943916203681A7E5207FCD5986A8E
:10574000C0B270470123026811680B4313600368FD
:105750001A68D207FCD4DA69D207F9D47047022359
:10576000026811680B4313600368DA699207FCD47E
:1057700030215A8B8A43110010220A435A8302684F
:10578000D3695B07FCD470470221026813688B431E
:1057900013600268D3699B07FCD4704780230268BA
:1057A000DB02116851680B4353607047036803497B
:1057B0001A685A680A405A607047C046FFFFFBFFEC
:1057C000032230B5036811401C68074D5A6809046C
:1057D0002A40E4061143640F5960052C03D1026886
:1057E000D3695B07FCD430BDFFFFFCFF70B50568D3
:1057F00004006B8B9B069B0F022B0DD06B8B002044
:105800009B069B0F032B32D06B8B9B0704D56B8BB6
:105810009B069B0F012B2AD16B6A49001143DB0ABF
:10582000C9B2DB020B436B622368002A13D11A7ED4
:10583000D207FCD55B8B9B069B0F022B04D049083B
:1058400000222000FFF7D2FF2368588B4007C30FC8
:10585000012058400BE0187E8007C00FF4D11A7E5B
:10586000D207F8D5C022596892020A435A6070BD27
:105870000368283319700268107EC007C30F508B6D
:10588000002B06D1C007C00F08D1538B9B07F3D55F
:1058900070474007C30F01205840F9E71800F7E7A9
:1058A000036828331970036800201A7E520704D554
:1058B000588B01234007C00F584070470368186891
:1058C000C006400F043843425841C0B270470368D5
:1058D000588B8006800F023843425841C0B270474F
:1058E0000368187E4007C00F70470368187EC00722
:1058F000C00F70470368588BC006C00F704703681D
:10590000187E8007C00F70470368588B0007C00FD0
:10591000704703681A68D206520F052A05D11A7E0D
:10592000920702D41A7ED207F9D528331878C0B26C
:10593000704700000368214A30B593422FD0204AB7
:1059400093422FD01F4A93422FD01F4A93422FD009
:105950001E4A93422FD01E4A93421FD10E23192272
:105960000121032599401B48C024016099082B4060
:10597000AB40FC359D4089000918A4000859A84394
:10598000C0259D402B0003430B518023DB011A43AC
:10599000114B5A805A7852B2002AFBDB30BD0923E2
:1059A0001422DDE70A231522DAE70B231622D7E7B4
:1059B0000C231722D4E70D231822D1E70008004258
:1059C000000C004200100042001400420018004287
:1059D000001C004200E100E0000C0040F8B50400AB
:1059E0000F0016001D00FFF7A5FF2000FFF704FEC3
:1059F0001C21BB000B4071072268090C0B4313608C
:105A0000842322689375012F1AD11021012E00D012
:105A100008390C4B69431868C00002F0C3F907222B
:105A2000216802408B895203DB04DB0C13438B811A
:105A3000226803049089DB0C400B400318439081DB
:105A4000F8BDC046D4000020F7B50600019308ABAE
:105A50001F780D001400FFF743FE3000FFF76AFFC8
:105A6000C022240592031440BA070C2717433C4375
:105A7000C0270722BF022D0433683D4025431D6027
:105A8000019B316813401A0080239B0213434B6033
:105A9000F7BD70B504000D001600FFF74BFF2000A6
:105AA000FFF750FE1C2221686D000B6893431A001B
:105AB00010231343FF220B60236815405D62002E04
:105AC00004D001232268516A0B43536207232268E2
:105AD00093752268D3695B07FCD470BDF8B50400E8
:105AE0000F00FFF727FF2000FFF72CFE142223688A
:105AF00079001A600C4B25681E68300002F052F9DC
:105B00000A490400300002F04DF97D23FA21584380
:105B1000C90002F047F9FF23241AE868053C1C403D
:105B200098430443EC60F8BDD400002040420F00CD
:105B30000020704770B50F26CB1D0139020032409E
:105B4000D5B22C0000093034092A00DD07341C705E
:105B5000013B8B42F2D170BD10B50C000B4B1868A5
:105B6000FFF7E8FF21000A4B08311868FFF7E2FF52
:105B70002100084B10311868FFF7DCFF2100064BAD
:105B800018311868FFF7D6FF202010BD0CA0800048
:105B900040A0800044A0800048A0800008B4024BD0
:105BA0009C46103808BC6047595B0000704770473E
:105BB0003F20704713B56B460268D97107335468AC
:105BC00019000122A04716BD70B50A260B7892B0C5
:105BD0006E44023305000B703C220021300004F0BB
:105BE000F1FE394801AC0690384824210790062080
:105BF00020776846364AA1742281364A364BA28104
:105C0000FD3AFF3A8018C177684623390630C177DC
:105C100068460730C17702A8C1770720F2770326CC
:105C200008316944C87703A9CE7710212B366E441A
:105C30003170092621851F3169440E700CA9053E7B
:105C40000E7033212380022369440B7006360DA9A0
:105C50000E7022493536A1863B216E44307010A863
:105C60006274E27702703D3269446A440B701370CB
:105C700040210022E37023716371A37341336B44AD
:105C8000218719705A702B7DC039A370A372637776
:105C90000133DBB2A3776A7D0B200D006844154306
:105CA000C5773120684403703A23501C6B44187048
:105CB000412302320A436B441A70210042220848F1
:105CC00000F004FD12B070BD10010424020605248A
:105CD0000904000001020000080B00000705000095
:105CE000B00E002008B4024B9C46103808BC604738
:105CF000C95B0000F8B5027D0B7904000D00002798
:105D00009A420CD10B784E78A12B0AD1212E06D1C4
:105D10000100072234311C4800F0D8FC013738005C
:105D2000F8BD212BFBD1202E23D1010007223431D5
:105D3000154800F00DFC9623626BDB009A421FD1E0
:105D40003B342378DB071BD4FA2001F0CBFF002182
:105D50000D4800F0C3FD0127232EE0D1EB78AA788F
:105D60001B021343094A00210748136000F0B6FDE7
:105D7000D5E7222EEFD103008A783B331A70DAE799
:105D800001F0BAFFE3E7C046B00E0020CC000020CF
:105D900008B4024B9C46103808BC6047F55C000014
:105DA00010B534300822002104F00CFE10BD0000B4
:105DB00010B5417D006A013100F002FB034B1B6806
:105DC00001335A1E9341181810BDC046D000002060
:105DD00010B5417D006A023100F008FB10BD10B51E
:105DE000417D006A023100F0CFFA10BD70B50D00A0
:105DF000417D0400130002312A00006A00F0BCFB60
:105E0000002801D10123636070BD000010B5054C6E
:105E100023685A1C04D103685B699847030020601B
:105E2000180010BDD0000020074A0300106810B50C
:105E3000411C03D001235B42136010BD597D186AD9
:105E4000013100F049FBF8E7D000002070B50500F3
:105E500001F0E8FBF423FF330024984207D93B35D7
:105E60002C780A20631E9C41E4B201F011FC200052
:105E700070BD00207047704770470000FA239B00F8
:105E800010B58360114B0022C38203002833836165
:105E90000F4B04004260C261180050332361083088
:105EA000631D21622060DA770A4A2F3303CA03C3D5
:105EB0008323A362813BE3628033236301F0CAFA48
:105EC0002100103101F098FA200010BD03020000FB
:105ED00000DE0000F8DD0000022110B5094B1A6851
:105EE000437D5B01D318FF339C7A21439972437D34
:105EF0000133DBB25B01D3180122FF33997A0A43E5
:105F00009A7210BD6813002010B502490248FFF7CD
:105F1000B5FF10BDB00E00204C0E0020704710B52C
:105F2000040001F0FFFB200010BD0000F0B5822945
:105F300019D1C3B2294D5A01AA189169284C800180
:105F40000C40C0218905214391612649083340183E
:105F50007021506128685B011A5C8A43110030226D
:105F60000A431A54F0BD0029FCD1C026C1B21B4C13
:105F70004B01E3189A681A4DB6052A4032439A60DD
:105F8000194A800182185A600A00072724680832DB
:105F90005201115DB9430F000121394311559F6929
:105FA00010493D4040182E439E6158617020115D9C
:105FB0008143080010210143115599680B48A2182C
:105FC000084080214903014399609968890B89033E
:105FD0009960402311790B431371C3E768130020C4
:105FE000FFFFFF8FDC0E00209C100020FF3F00F021
:105FF000EFF3108303600123436072B670470368B8
:10600000002B02D162B6BFF36F8F704773B5836DFB
:106010000400002B1BD10600A83635786846FFF730
:10602000E7FF019BEDB2013B02D33578EDB2FAE711
:1060300068460193FFF7E3FF002D01D1002076BDF4
:106040002300A4331868A0342368C01AF7E7684611
:10605000FFF7CEFF22000025019BF432013B02D363
:106060001578EDB2FAE768460193FFF7C8FF002DF7
:10607000E4D02300F0331868EC34E5E710B5436D45
:106080004468DBB25A01A2189168094808330840F5
:10609000802149030143916091685B01890B890369
:1060A00091602268D318402219790A431A7110BDF1
:1060B000FF3F00F0F7B5436D4268DBB21900040002
:1060C0000831106849014118C979C90711D55B0128
:1060D000D21893689B049B0C0CD12000FFF7CEFFD5
:1060E00063681A68636DDBB208335B01D3187F22E3
:1060F000DA71F7BDE16D002923D12100A4310B60D5
:1061000023000125AC33E56568465360FFF770FF57
:10611000260020002100019BA836013BF430F53118
:106120005A1C33D0357002785F1ED2B20A700A78DA
:10613000002A04D120000193FFF7A0FFE8E73B000D
:10614000EEE72100F0310B600023E36523006033AC
:1061500053606846FFF74CFF012526002000210010
:10616000019BF436013BA830F5315A1C0ED0357036
:1061700002785F1ED2B20A700A78002A04D1200089
:106180000193FFF77BFFE8E73B00EEE768460193EA
:10619000FFF735FFA4E737B56B46DC1D00230D0084
:1061A000237001F057F9210001F0E3F82B6818186B
:1061B000286020783EBD00000078002810D0012122
:1061C000084B1B681A898A431A810822198B0A43D3
:1061D0001A830422198B0A431A830022024B1A6085
:1061E0007047C046681300206013002010B50F4AA6
:1061F00093699B0B9B03936113680222FF331A720E
:106200009879823A02439A711A7A9207FCD57F24D0
:10621000074A2140937A0800A343190080230143D1
:106220009172917A5B420B43937210BD6813002008
:106230000050004110B50C0001F00CF9210001F0F4
:10624000CBF8002804D1034A93699B0B9B0393610D
:1062500010BDC04668130020F8B50D00832A19D17F
:10626000CBB23B4C5A01A21891693A48AD010840A3
:10627000C021890501439161374920686D1870215B
:10628000083355615B011A5C8A43110040220A43BE
:106290001A54F8BD022A55D1304A8B00985800286C
:1062A00002D003685B699847F82001F037FA0400D0
:1062B000274E2B4B4660036040220021083004F03B
:1062C00081FB22000023A032A3646565E36423659B
:1062D000A365E3655360D3641372136013654C3296
:1062E00013725372FF222B001340590171188868F2
:1062F000184F08330740C020800538438860306855
:1063000007265B01195CAD00B1430E000321314348
:1063100019542300616D60681140490141186033D0
:106320004B60616D63680A401B6852019B18012233
:10633000FF33997A20000A439A72FFF79FFE074BBA
:106340005C51A6E711002800FFF7F0FDA1E7C04669
:1063500068130020FFFFFF8FDC0E0020B40E00202A
:1063600068DE000070B505000124064BA200D2587B
:10637000002A06D0210028000134FFF76DFF0A2C07
:10638000F3D170BD880E00200B4BCAB20B488901B7
:10639000C9185301C318596199690832890B8903D7
:1063A0009961036852019A180223D3715179823B93
:1063B0000B4353717047C046DC0E00206813002069
:1063C000084B8A00D05810B5002803D003689B689A
:1063D000984710BDC9B2044B490159188868800418
:1063E000800CF6E7B40E00206813002010B50C00F6
:1063F000FFF7E6FF00280CD0064BE4B21B68083418
:1064000064011C19802362795B4213436371022388
:10641000E37110BD68130020F0B51C002A4B85B055
:106420001B6807000D000292002B4AD0274B8A0000
:10643000D058002808D0036822005B68029998476A
:106440000400200005B0F0BD3800FFF7B9FF84421A
:1064500004D929003800FFF7B3FF04000121EBB293
:106460001B4E03935B010193F21893689B0B9B03F4
:106470009360019A336802989B18FF335A7A0A4353
:106480005A72144BA901C918220004F07FFA002C9B
:10649000D7D029003800FFF793FF0028D1D1402141
:1064A000039B326808335B01D318187901431971D3
:1064B0000121D971019BD318FF339A7A0A439A724A
:1064C000BFE701246442BCE760130020B40E002043
:1064D000681300209C10002013B56B46DC1D2200C1
:1064E0000123FFF799FF012801D1207816BD012073
:1064F0004042FBE770B5CBB2124A13485C018901F8
:106500008918021951609168104D08330D4080219F
:1065100049032943402591609168890B8903916063
:1065200001685A018A1816793543157195796D06F7
:10653000FCD55B01C918CB79DB07FCD50019806855
:10654000C0B270BD9C10002068130020FF3F00F017
:1065500070B50D0000211400FFF7CCFFA04200D958
:10656000200000230349A34203D0CA5CEA5401334C
:10657000F9E770BD9C100020F0B51E003A4B85B0C5
:106580001B680F000192002B35D08023DB019E4257
:1065900031D80025354B8A01D3180293002E2CD018
:1065A000334B1B680393FF233B401C0000930834CC
:1065B000039B64011C19A379DB0921D02D4B2E49C3
:1065C000186801F0EFFB2D4B1721584301F0EAFB4F
:1065D0002B4BE279920713D4DA5D002A01D10138FE
:1065E000F7D20122DA55009B5A01214B9B189A6978
:1065F000920B92039A6101256D42280005B0F0BD0F
:1066000000221F4B3400DA553F2E09D9009B40244D
:106610005A01174B9B188022996912060A439A6106
:1066200022000199029804F0B1F9009BA1045A01DB
:106630000F4B890C9B18029A2D195A619A69361BC7
:10664000920B92030A439A61009B039A08335B0101
:10665000D3180222DA715979823A0A435A71019B9E
:106660001B1901939AE7C04660130020DC0E00203E
:1066700068130020D400002040420F007011010078
:10668000D10E002070B50D001C000D4BAE01F618A8
:1066900011003000220004F079F9EDB209496D01D2
:1066A0004D196E61AB69084A20001340AB61AB69BC
:1066B000A2049B0B920C9B031343AB6170BDC046BD
:1066C000DC0E002068130020FF3F00F0F7B5104BF0
:1066D00001901B780F001500002B0CD10D4B1600FC
:1066E0001C78002C09D00C4E0C48348820186419F2
:1066F00004F04CF934802800FEBD002EFBD03A197E
:10670000330000210198FFF7BDFF2418361AF4E783
:106710005C1200205D1300205E1300205D1200203B
:10672000F8B50F0016000024012A26D9100004F045
:1067300007F90500380004F085FE0323022201302A
:10674000400028706B7096420DD9397800290AD024
:10675000531CDBB20137A9549E4203D00232EC54E1
:10676000D2B2F0E7320029000548FFF7AFFF441E20
:10677000A041C4B2280004F0EDF82000F8BDC046E6
:10678000B00E0020F0B50024012685B0184B0F0094
:1067900069461E7005000094FFF7FDFC154B01A92A
:1067A0000B806A3BFF3BCB715A330B72009B8C71A1
:1067B00009334B800E4B4E7108711C703A00092F43
:1067C0000FD00D4F09223E700C4E280000943480EB
:1067D000FFF77CFF69462800FFF7DDFC3288084997
:1067E0003C702800FFF772FF012005B0F0BDC046E5
:1067F0005C120020090200005D1300205E130020DF
:106800005D12002070B5CE7892B005000C00022E0B
:106810000BD18B79C9792C4809021943FFF7B2FFD4
:10682000411E8841C0B212B070BD00F013FE2100BD
:1068300000F0B3FD002803D0C117081AC00FF2E71B
:10684000012E0ED1E279A37912021A431F49112AAF
:1068500013D8D2B2002A10D02800FFF737FF01204A
:10686000E1E7032EDFD1A378002B08D1E279A379E9
:1068700012021A431649032AEBD90A78ECE7022BD5
:1068800008D1E279A379120212491A432800FFF7CE
:1068900047FFC8E7012B05D1E279A37912021A4319
:1068A0000D49F3E7032BBED14122010001A804F0FA
:1068B00089F800F0CFFD01A900F07FFDE279A3790E
:1068C00012021A4301A9E1E7B00E0020A8DE000081
:1068D00098DE000084DE00009CDE0000CBB204499C
:1068E0005B01C9188B699B0B9B038B617047C0468A
:1068F0006813002037B5050048780C000B2810D825
:1069000001F046FA061B0F2B0F404561494C5A5DBA
:10691000097801AA002906D1022311802800FFF777
:10692000B1FE01203EBD00231380284B1B78012BB4
:1069300000D1137002230021F0E78A780023012A96
:1069400003D101AA1380224BF0E7204A1370214A99
:1069500093699B0B9B039361E3E78C78012C06D131
:1069600000211B4B01AA1C7011702300D6E70120E7
:10697000002CD7D1154B174A187093699B0B9B03BA
:106980009361CFE789782800FFF730FCC9E728003A
:10699000FFF738FFC6E701230F4ACCE70B7800204A
:1069A000DB06BFD12800FFF7DDFCA2780A4B0B48BD
:1069B0001A60FFF791FACAE70123094ABBE78A7810
:1069C000074B1A60C3E70020ACE7C046D00E00209A
:1069D000D80E002068130020601300204C0E002009
:1069E000641300203A4BF7B51E780500002E5FD1E6
:1069F000384C23689A8B12070DD5082231009A83F0
:106A00003000FFF793FA10222368FF33997A0A4384
:106A10009A72314B1E6023689A8B520701D504226B
:106A20009A83FF331A7A920603D52022597A0A43B1
:106A30005A721A7AD20623D569460800274AC0CA74
:106A4000C0C0A268920B9203A26040225879024310
:106A50005A7160230A7828001A422AD1FFF74AFFA8
:106A60002368FF33002827D08022997952420A43B5
:106A70009A711A7A520603D54022597A0A435A72F9
:106A80007F2601252368FF331E722F0023680837F5
:106A90007F01DB19DB79002B07D0114BAA00D058FE
:106AA00000280DD003681B6898470135082DECD1EC
:106AB000F7BDFFF7BFFBD3E720210A4A9171D8E762
:106AC00029000948FFF7D8F92368DF19FE71ECE7C0
:106AD0005D13002068130020601300209C1000202C
:106AE000B40E0020FF5000414C0E002010B50248AB
:106AF000FFF778FF10BDC046B00E002080235B007A
:106B0000038000234360073303727047830001480A
:106B1000C0187047880E0020836C402B09D03F229C
:106B2000036CC154036C013313400364836C013361
:106B300083647047F7B505006846FFF759FA0026E9
:106B40004022019B013B02D32E6D961BFAE768465B
:106B50000193FFF754FAAB6D6846002B4FD1FFF756
:106B600047FA2900019BA831013B5A1C0CD00C7834
:106B70005A1EE4B2002C05D168460193FFF73FFA94
:106B80002000FEBD1300F0E7684601930024FFF7E4
:106B900036FA2A002900A0321368A431B4420ED07C
:106BA000086898420BD92800591CEB181160603313
:106BB00019780830C9B2FFF7AFFF0134E9E7096877
:106BC0009942DDD1002313600133AB656846FFF7BE
:106BD0000FFA2F002A000021019BA837013BF53254
:106BE000581CC9D0397010785E1E002805D011706D
:106BF00028000193FFF742FAEBE73300F0E7FFF7D5
:106C0000F7F92900019BF431013B5A1C06D00C789E
:106C10005A1EE4B2002CAFD01300F6E76846019389
:106C20000024FFF7ECF92A002900EC321368F03158
:106C3000B44202D0086898421DD8096899429FD191
:106C4000002368461360AB65FFF7D2F92F002A00D6
:106C50000021019BF437013BF532581C00D18BE732
:106C6000397010785E1E002811D011702800019331
:106C7000FFF704FAEAE72800591CEB181160AC335F
:106C800019780830C9B2FFF747FF0134CBE733006A
:106C9000E3E710B50400FFF74DFF206D10BD10B500
:106CA0000400FFF747FF236D002B03D0E36CE418CB
:106CB000207A10BD01204042FBE7F7B517000E0017
:106CC0000400FFF737FF6846FFF792F93F220025DF
:106CD0009446019B013B5A1C19D0BD4215D2226D2E
:106CE000002A12D00121226D4942002A0AD06046B2
:106CF000E26CA218117AE26C01320240E264226D69
:106D0000013A226571550135E7E7013BE3E7684643
:106D10000193FFF774F92800FEBD0000014B024A01
:106D20001A60704768130020005000412023F7B517
:106D3000474A0500D1690F200B43D3610122454921
:106D40000B7813430B70444B19788143197006215B
:106D50001C782143197041490C7822430A701A7833
:106D600002401A70602219780A431A703C4B3D4A5F
:106D70005A805F78FF09FCD13B4800F04DFC0123AD
:106D80003A4C3B4E2268300011780B43137080223E
:106D90003900520003F016FE22689378DB07FCD41A
:106DA00056621F26334B1B68590B980C9B013140D0
:106DB00030405B0FB14200D105211F2800D10238BD
:106DC000072B00D1043B31408901178D01912A49DD
:106DD00030400F40019939431185118D0700B143AF
:106DE000080038431085118D1803244B7F260B4073
:106DF00003430C2013850823D17881430B430321DF
:106E0000D3702268D3788B4301390B43D370226847
:106E100013783340137004232268167833431370B9
:106E20002268C1241389A4008343154813810359A0
:106E30001B021B0A03518023036013781148194376
:106E4000012311702B700021FEF7B0FEF7BDC04684
:106E500000040040584400413C4400415944004172
:106E6000000C004006400000ED6A0000681300209E
:106E70006C130020246080003FF8FFFFFF8FFFFFAE
:106E800000E100E04C0E00200120704710B50368BF
:106E9000014A1B6A984710BD13040000FC30006AC9
:106EA000704787239B00C018C36880204000C01A29
:106EB00070470300FC331A6A002A03D0DB69C0184C
:106EC000007D704701204042FBE710B504000069D7
:106ED000FEF792FB22000023FC329361D361136220
:106EE00087229200A4186360A360E36010BD87232B
:106EF00010B59B00C218D368002BFCD10069FEF7C7
:106F000092FB10BDF02001403039484248417047A3
:106F1000F0231B011940802306209B0099420AD0D0
:106F20000133FF330130994205D0802302385B00E2
:106F3000994200D0002070470F2001400020012915
:106F400003D00239481E8141481C70478B23F0B59D
:106F5000182685B002919B000400C05C3300082114
:106F60004343324D1700EB18595600F05BFE304B8F
:106F70000821E05C33004343EB18595600F052FE01
:106F80002C4BE25C0393022A09D11133E05CFF2809
:106F900005D008214643AE19715600F043FE8C26F9
:106FA000B600A05DFF2819D0012100F0ABFD18222A
:106FB000A35D21495A43AB56AD18DB0158188D210A
:106FC000890060501D4901225B188E2189006350A1
:106FD00069688A408F21890062501A600122029BF1
:106FE00011002069FEF7FAFC39002000FFF790FF3E
:106FF000390005002000FFF79FFF39000600200040
:10700000FFF780FF33000090290020690122FEF77E
:10701000C3FA0B4B2069E25C039BE15CFEF7D9FAF3
:107020002069FEF7F6FA05B0F0BDC046E0DA0000D0
:107030002D0200002F0200001844004114440041BA
:107040002E020000802210B504005200002103F03F
:10705000B9FC23000022FC335A6020009A60DA60F9
:1070600010BD0000F0B585B01D000AAB1B78040010
:1070700000930BAB1B78160001930CAB1B780F0031
:1070800002930DAB1B78039300234360FA239B000C
:107090008360124B083303601430FFF7D3FF2000E6
:1070A0002130FF30FFF7CEFF8B236A469B0027611C
:1070B000E6540B4B1278E5540A4B2000E2546A4622
:1070C000094B1279E2546A46127A0133E2546A4655
:1070D000127B1033E25405B0F0BDC046BCDE0000A8
:1070E0002D0200002E0200002F020000F7B51D0047
:1070F00008AB1B780400009309AB1B7816000193C2
:1071000000234360FA239B008360114B0F00083378
:1071100003601430FFF796FF20002130FF30FFF7A7
:1071200091FF8B236A469B002761E654094B127836
:10713000E554094B2000E2546A46084B1279E254A8
:107140008C22313BFF3B9200A3541032A354FEBD6E
:10715000BCDE00002D0200002E0200002F02000005
:10716000F7B5EFF3108300930123019372B68026E5
:107170000200FF25019BFC327600013B5C1C0FD016
:10718000D4685F1EB44209D0546801555468013474
:107190002C405460D4680134D460EEE73B00EDE746
:1071A00068460193FEF72BFFF7BD13B5EFF310838D
:1071B00000930123019372B6019B5A1E0192002B8A
:1071C00015D00300FC33DA68002A0DD09A68845C7D
:1071D0009A680132D2B29A60DA68013ADA60684697
:1071E000FEF70DFF200016BD01246442F7E70124DD
:1071F0006846FEF704FF6442F4E710B50400006936
:10720000FEF72FFA002805D02069FEF73AFA206928
:10721000FEF72CFA2069FEF714FA00281BD020692B
:10722000FEF72FFA010020001430FFF799FF8C239E
:107230009B00E35CFF2B0ED02300FC331A6A8023F3
:107240005B009B1A092B06DC8D238F229B0092008A
:10725000E358A2581A602069FEF70EFA00280ED0F3
:1072600087239B00E318DB68002B14D0200021301B
:10727000FF30FFF79AFFC1B22069FEF706FA2069D6
:10728000FEF7E4F9002805D02069FEF7E3F920694C
:10729000FEF7D3F910BD2069FEF705FAEFE700000D
:1072A000F8B5040000690D00FEF7E6F987239B009E
:1072B000E618002802D0F368002B34D00127802282
:1072C000F3685200934223D1EFF310833B4210D175
:1072D000174B5B68DB05DB0DF1D0103B5BB2002B7D
:1072E00010DAF13A1340083B9B08124A9B009B18A6
:1072F0001B682069FEF7C0F90028E0D02000FFF7E6
:107300007CFFDCE79B08C0330B4A9B009B58F0E7EF
:1073100020002130FF302900FFF722FF2069FEF70F
:10732000BEF90120F8BD29002069FEF7AEF9F8E7A3
:1073300000ED00E01CED00E000E100E010B504000D
:107340001430FFF732FF8C239B00E35CFF2B0ED041
:107350002300FC331A6A80235B009B1A0A2B06DD8C
:107360008E238F229B009200E358A2581A6010BD12
:10737000FEE770B50E0000254468002C0BD0236892
:1073800031005B6820009847002802DB2D18E46874
:10739000F3E701256D42280070BD70B50D0044680B
:1073A000002C08D0236829009B68200098470028FB
:1073B00002D1E468F4E7200070BD70B50D004468A8
:1073C000002C07D0236829002000DB689847E46878
:1073D0002D18F5E72C7070BD70B50D004468002CB9
:1073E00008D0236829001B6820009847002802D194
:1073F000E468F4E7200070BDF8B542788B790D00A1
:10740000017A9B18040000208B4222DC63688342CF
:1074100019D16560002623786A71EA792B719B186F
:107420002370AB79B34213D9AB68B7006078DF192A
:10743000FFF76CFB3B68013603606378F6B20133FB
:107440006370EEE70B00D9680029FBD1DD60E1E74E
:107450000120F8BD70B50126054D064C2B6833425E
:1074600003D12000FFF74AFB2E60200070BDC0460C
:107470006C14002070140020F7B506000D000C00FD
:107480008B180193019B671B9C4207D033682178BE
:107490001B683000984701340028F3D13800FEBD46
:1074A00070B5040008000D0003F0CCFF2368020053
:1074B00029005B682000984770BD10B50B1E02D0F4
:1074C000FFF7EEFF0300180010BD10B5FFF7F5FF42
:1074D00010BD10B5FFF7F1FF10BD000010B5024957
:1074E000FFF7DEFF10BDC046F0DE000070B50400FF
:1074F000FFF7E3FF05002000FFF7F0FF401970BD24
:1075000070B50400FFF7D9FF05002000FFF7E6FF84
:10751000401970BD10B5040000F084F8E0602368E5
:1075200020005B699847002808DA00F07BF8E368E0
:10753000C01AA3689842F2D30120404210BD816076
:107540007047F7B5070015001400D3180191009398
:10755000009B661B9C420BD03800FFF7DBFF002826
:1075600006DB019BC0B2984202D020700134EFE7E5
:107570003000FEBD30B5040087B00D00064901A8FB
:1075800003F040FF22002B0001A90A9803F03AFF04
:107590000A9807B030BDC046F3DE0000FEE70000E9
:1075A000034B10B51B68002B00D0984710BDC04698
:1075B0007C14002070B50F490F4CA14204D100F09B
:1075C000B5F800F08BF8FEE70C4D00238D42F6D0A5
:1075D000CA18E818A24205D3094B8242EFD00949E4
:1075E000002204E0006804331060F1E704C38B421A
:1075F000FCD3E4E700000020D402002004E30000F4
:10760000D40200209414002010B500F064F8002883
:1076100001D100F055F810BD014B18607047C0460D
:107620007C140020014B18687047C046801400206D
:10763000F7B51348012284461249134C8E686368DB
:1076400005689B0E1340019288686268019F920E44
:107650003A4067463F6893420ED1BD420CD1864204
:107660000AD35B19FA254868AD00861B07486B43AF
:107670007043000DC018FEBD3D0013000600E3E797
:107680008014002010E000E000ED00E055550000FF
:1076900070B5041E10D0FFF7CBFF050000F01AF8FC
:1076A000FFF7C6FF054B401B9842F7D9FA23013C70
:1076B0009B00ED18002CF3D170BDC046E70300001D
:1076C00010B5034A13680133136000F01DFB10BDB1
:1076D00080140020704700207047000010B500F0B3
:1076E000EFF803F009F9FDF7CAFE0120FFF7D0FF1C
:1076F000084C2000FFF71AFB2000FEF75DFDFBF7AA
:10770000ABFEFBF73FFE044B002BFAD000E000BFBE
:10771000F7E7C046B00E00200000000010B503F0EF
:107720000FF910BD10B503F015F910BD1E22F0B50C
:10773000504851494368514D93431A000223134363
:10774000436008238A691343FE228B612B68D203AE
:107750009B0213404A4A13434A4A9361130004228E
:10776000DC681442FCD00124474A14701678264283
:1077700003D0567876B2002EF8DB0124946054785A
:1077800064B2002CFBDB414C5460547864B2002C92
:10779000FBDB8224E4015480547864B2002CFBDBD0
:1077A00002249C840E34DE682642FCD0384CDC6215
:1077B0001024DE682642FCD02C68A40E3F2C00D199
:1077C000203C9E6A334FA4023E4034439C629C6A34
:1077D000314EA40AA40234439C62304CDC62002483
:1077E0009C841034DE682642FCD02D4C9C841024EE
:1077F000DE682642FCD002249E8C34439C841024F4
:10780000DE682642FCD000249460547864B2002CD8
:10781000FBDB244C5460547864B2002CFBDB1C6A04
:10782000214E344080261C621C6AB4431C62032330
:1078300093601E4B536053785BB2002BFBDB00233D
:10784000FF240B721A4A4B728B72CB72194B1A605F
:10785000194A2B6811689A065B01C90E2340520F22
:1078600012020B431343154A1385802342681343C6
:107870004360F0BD004000410004004024608000EF
:107880000606000000080040000C00400104010052
:10789000B905FF7DFF03FFFFFF01000080BB0A1C4D
:1078A0002405000000070300FFFCFFFF03060100A2
:1078B000006CDC02D4000020206080000040004208
:1078C000FA21314B10B51868890000F06BFA2F4B84
:1078D0000138984256D82E492E4A4860C020136A73
:1078E00000061B021B0A03431362002407238C605B
:1078F0000B608021136A09061B021B0A0B431362EB
:10790000FC22254B196A0A431A62FC22196A920169
:107910000A431A62A022196AD2020A431A62E0B22A
:107920000021013400F0EEF81F2CF8D11B4B1C0095
:107930005A7852B2002AFBDB194A5A80194B1A00B6
:10794000597EC9090129FBD0E421C90099803F2152
:10795000D970537EDB09012BFBD0C02300205B01D3
:107960001361907000F02EF863785BB2002BFBDBA4
:107970000D4B0E4A6380D379DB09012BFBD04123E9
:10798000537010BDFEE7C046D4000020FFFFFF008B
:1079900010E000E000ED00E000040040000C0040BA
:1079A0001E4000000040004221400000004800420C
:1079B000914202D002D98A1AD0407047521A9040A0
:1079C000FBE70000164A00B51300517EC9090129E2
:1079D000FBD00138042816D81969124A0A400F2131
:1079E0001A615A788A4300F0D3F90308060B0300A2
:1079F000110001220A435A7000BD11000322F9E769
:107A000011000222F6E7F02311691B050B430F2139
:107A1000136153788B43190002230B435370EBE738
:107A200000400042FFFFFFF010B504000D2801D810
:107A30000E34E4B20121200000F0F4F818231021E4
:107A400063432B4CE4186156002901D014290DD151
:107A5000284B1800DA79D209012AFBD002241A78BF
:107A6000A2431A70C379DB09012BFBD02248030023
:107A7000427ED209012AFBD01F2402692140A24381
:107A80000A4302615A7ED209012AFBD002221978E8
:107A90000A431A705A7ED209012AFBD00222197BAE
:107AA0000A431A731A7ED207FCD501221A765A7E2F
:107AB000D209012AFBD00222197B0A431A731A7ECB
:107AC000D207FCD5588B80B25A7ED209012AFBD04E
:107AD00002211A788A431A705A7ED209012AFBD0F1
:107AE000064B1A68064B1968FFF762FF10BDC046C7
:107AF000E0DA00000048004200400042DC000020C4
:107B0000D8000020182330B51D000400454308208C
:107B1000204A55192856013014D0032912D80800DC
:107B20006343D156D31800F033F902280E1B58686E
:107B3000CB010221184A9B181A18403211700122F9
:107B400082405A6030BD5868CB010621124A9B180A
:107B50001A1840321170012282405A609A61F1E78E
:107B60005868CB0106210C4A9B181A184032117034
:107B7000012282405A605A61E4E75868CB01022131
:107B8000054A9B181A1840321170012282409A60EF
:107B9000D8E7C046E0DA0000004400411823F0B501
:107BA00008245843114A13181C5701341BD00126CE
:107BB00035005F688356BD400D4ADB019A18906816
:107BC00005420BD10C00601E8441D219403210785E
:107BD00034400336A400B04320431070044A9B187D
:107BE000002901D15D61F0BD9D61FCE7E0DA000094
:107BF00000440041182310B50824434307490020DE
:107C0000CA181457013408D05B560549DB015B18CC
:107C1000186A5368D8400123184010BDE0DA00000C
:107C20000044004118224243F8B52C4E0300B2181C
:107C3000127A52B2140001320ED0481C00240C28D3
:107C40000AD800F0A5F80720202020202020200BB3
:107C50000B0B0B00012464422000F8BD092905D15B
:107C60000021D8B2FFF74EFF0024F5E70A2902D120
:107C7000D8B20839F6E700240B29EDD1D8B20A3979
:107C8000FFF740FFE8E718204343F2185568F35622
:107C90002C00134ADB016E0817389B18C9B2044048
:107CA0009E19002C0DD00F24303632780901224065
:107CB0001143C9B25B19317040331A781043187000
:107CC000D2E732000F27303216785B19BE433143BA
:107CD000117040331A7810431870BDE7E0DA0000E5
:107CE0000044004110B50400FEF7C5F8014B1C60CC
:107CF00010BDC046E00000200122024B52421A6033
:107D00007047C046E0000020164A10B51368591CA1
:107D100026D0013B1360002B22D172B6124B134ABE
:107D20000433934213D9124A01211000147D0C42EE
:107D3000FCD02021148BFF319B085B002143118371
:107D4000D3610C4B13800123027D1A42FCD0BFF398
:107D50004F8F094B094ADA60BFF34F8FC046FDE7EA
:107D600010BDC046E000002000200000030200001B
:107D70000040004102A5FFFF00ED00E00400FA050D
:107D80000B0010B50100180002F0A8FD10BD0000A6
:107D900002B4714649084900095C49008E4402BC9E
:107DA0007047C046002243088B4274D303098B42BC
:107DB0005FD3030A8B4244D3030B8B4228D3030CBB
:107DC0008B420DD3FF22090212BA030C8B4202D35D
:107DD0001212090265D0030B8B4219D300E0090A85
:107DE000C30B8B4201D3CB03C01A5241830B8B428E
:107DF00001D38B03C01A5241430B8B4201D34B0377
:107E0000C01A5241030B8B4201D30B03C01A5241DB
:107E1000C30A8B4201D3CB02C01A5241830A8B4260
:107E200001D38B02C01A5241430A8B4201D34B0249
:107E3000C01A5241030A8B4201D30B02C01A5241AD
:107E4000CDD2C3098B4201D3CB01C01A5241830961
:107E50008B4201D38B01C01A524143098B4201D39B
:107E60004B01C01A524103098B4201D30B01C01AC6
:107E70005241C3088B4201D3CB00C01A5241830840
:107E80008B4201D38B00C01A524143088B4201D36D
:107E90004B00C01A5241411A00D2014652411046CD
:107EA0007047FFE701B5002000F0F0F802BDC046C2
:107EB0000029F7D076E7704703460B437FD40022B2
:107EC00043088B4274D303098B425FD3030A8B426E
:107ED00044D3030B8B4228D3030C8B420DD3FF22D8
:107EE000090212BA030C8B4202D31212090265D0A6
:107EF000030B8B4219D300E0090AC30B8B4201D359
:107F0000CB03C01A5241830B8B4201D38B03C01A9F
:107F10005241430B8B4201D34B03C01A5241030B16
:107F20008B4201D30B03C01A5241C30A8B4201D3C7
:107F3000CB02C01A5241830A8B4201D38B02C01A72
:107F40005241430A8B4201D34B02C01A5241030AE9
:107F50008B4201D30B02C01A5241CDD2C3098B42CE
:107F600001D3CB01C01A524183098B4201D38B014B
:107F7000C01A524143098B4201D34B01C01A5241EE
:107F800003098B4201D30B01C01A5241C3088B4233
:107F900001D3CB00C01A524183088B4201D38B001E
:107FA000C01A524143088B4201D34B00C01A5241C0
:107FB000411A00D201465241104670475DE0CA0F97
:107FC00000D04942031000D34042534000229C4657
:107FD00003098B422DD3030A8B4212D3FC22890161
:107FE00012BA030A8B420CD3890192118B4208D337
:107FF000890192118B4204D389013AD0921100E099
:108000008909C3098B4201D3CB01C01A52418309AC
:108010008B4201D38B01C01A524143098B4201D3D9
:108020004B01C01A524103098B4201D30B01C01A04
:108030005241C3088B4201D3CB00C01A524183087E
:108040008B4201D38B00C01A5241D9D243088B42D4
:1080500001D34B00C01A5241411A00D20146634677
:1080600052415B10104601D34042002B00D54942DB
:10807000704763465B1000D3404201B5002000F01A
:1080800005F802BD0029F8D016E770477047C046D2
:108090008446101C62468C46191C634600E0C046AC
:1080A0001FB501F03BFC002801D40021C8421FBDD0
:1080B00010B501F093FB4042013010BD10B501F046
:1080C0002DFC002801DB002010BD012010BDC046A2
:1080D00010B501F023FC002801DD002010BD0120B7
:1080E00010BDC04610B501F0B5FB002801DC002032
:1080F00010BD012010BDC04610B501F0ABFB00283B
:1081000001DA002010BD012010BDC046002B11D1A6
:10811000002A0FD1002900D1002802D00021C94334
:10812000081C07B4024802A14018029003BDC046D3
:108130005DFFFFFF03B4684601B5029800F046F802
:10814000019B9E4602B00CBC7047C046F0B5CE46BF
:10815000474615042D0C2E0080B50704140C3F0C67
:108160009946030C7E435D43674363437F19340C98
:10817000E4199C46A54203D980235B029846C44477
:108180004B4643435143250C36046544360C2404C6
:10819000A4195B19591820000CBC90469946F0BDF3
:1081A00070B50600080002F067FA0022064B01F0E5
:1081B0001DFC0D000400300002F05EFA2B002200CE
:1081C00000F0EEFC70BDC0460000F041F0B54F4637
:1081D0004646D646C0B5040082B00D00914698468A
:1081E0008B422FD82CD04146484602F06BFB290029
:1081F0000600200002F066FB331A9C46203B9A469C
:1082000000D576E04B46524693401F004B466246EF
:1082100093401E00AF4228D825D05346A41BBD4131
:10822000002B00DA7BE0002200230092019301235F
:10823000524693400193012362469340009318E015
:108240008242D0D900220023009201930A9B002B86
:1082500001D01C605D600098019902B01CBC904682
:108260009946A246F0BDA342D7D90022002300922E
:1082700001936346002BE9D0FB07984641467208FC
:108280000A437B0866460EE0AB4201D1A2420CD8FD
:10829000A41A9D41012024196D410021013E24189A
:1082A0004D41002E06D0AB42EED9013E24196D415E
:1082B000002EF8D100980199534600196941002B0E
:1082C00023DB2B005246D3402A006446E2401C00C8
:1082D00053461500002B2DDB26005746BE403300C9
:1082E00026006746BE403200801A994100900191F5
:1082F000ACE7624620239B1A4A46DA4061461300E7
:1083000042468A4017001F4380E7624620239B1A9B
:108310002A0066469A402300F3401343D4E762469E
:10832000202300219B1A0022009101920122DA40B1
:10833000019280E72023624626009B1ADE402F0030
:10834000B0466646B74046463B003343C8E7C046A2
:10835000F8B54746CE4643025B0A4400C20F9C462E
:108360004800DD004B02240E5B0A000E80B59846E3
:1083700026009146C90FDB00271A8A4229D0002F18
:1083800015DD00284AD1002B00D095E0ED08FF2C28
:1083900000D188E06B025B0AE6B25B02F605580A80
:1083A0003043D20710430CBC90469946F8BD002FCD
:1083B00000D087E0601CC0B2012800DCB6E0EE1AF5
:1083C000720100D5C5E0002E3DD100220026002319
:1083D000E3E7002F00DC96E000285DD0FF2C60D0A2
:1083E0008022D20413431B2F00DDECE02022D21B9D
:1083F00018009340F8405A1E93410343ED186B0157
:108400007BD50134FF2C00D1B7E0012207262A409A
:108410006B089A4D1D4015432E4029E0FF2CB5D026
:108420008022D20413431B2F00DDB2E02022D21B96
:1084300019009340F9405A1E93410B43ED1A6B010A
:108440005BD5AD01AE09300002F01EFA053886405A
:10845000844265DC041B330020200134E340041B0C
:10846000A640751EAE41334307261D0000241E4062
:1084700001224B461A40002E04D00F232B40042B20
:1084800000D004356B0100D480E70134E6B2FF2C44
:108490002FD1FF26002380E7002B52D1FF2C00D0E4
:1084A00074E70A00ED08002DF3D08023DB032B4393
:1084B0005B025B0AFF2670E7013F002FBED0FF2C56
:1084C000B1D163E7002C47D0FF2869D08024E404B1
:1084D0007A4225431B2A00DDC5E02C002026D4402B
:1084E000B21A95406A1E954125435D1B04008946DA
:1084F000A5E7AB015B0A50E7002401224B461A4076
:108500006B07BAD142E7002F3BD10134E0B201281A
:108510004ADDFF2CBDD00726ED186D082E40A7E7D9
:108520000723574D241A35401E40A1E7002C1BD1CC
:10853000002D6ED1002B00D19AE00A001D003C00F6
:1085400024E7013F002F00D158E7FF2C00D04AE775
:10855000A7E75E1B894676E7002D1CD10A00FF289D
:108560001FD004001D0011E7002D5DD1002B17D195
:1085700080230022DB03FF260FE70A00FF260023EB
:108580000BE7002C21D1002D66D1FF28E9D11D0079
:1085900087E7012352E77A1CA7D0FA43FF2899D135
:1085A0000A001D00FF24F1E6002E21D1002D4FD03E
:1085B000002B4CD0ED186B019ED5314B07362E4069
:1085C00001241D4054E7012318E7FF28DFD0802451
:1085D000E4047F4225431B2F4DDC2026F61B2C0094
:1085E000B540FC406A1E95412543ED18040006E79E
:1085F000002DCCD0002B00D153E780216046C90369
:10860000084203D04046084200D11D00012111401C
:1086100047E7002B00D1B9E6EA1A500125D5072615
:108620005D1B2E40894623E7FF24002B00D1ADE6D9
:1086300080226046D203104204D04046104201D14D
:108640001D00894601224B46FF241A409EE62B005E
:10865000DD080A0000249DE67A1CC6D0FF43FF28EF
:10866000B9D11D001DE701253FE7151E00D044E7E5
:108670000022002391E60125B7E7C046FFFFFF7DFA
:10868000FFFFFFFBF8B557464E464546DE4644021F
:10869000E0B546008846640A360EC70F002E63D048
:1086A000FF2E24D08023E400DB041C4300239946E2
:1086B0009B467F3E434642465D02D20F5B006D0AF9
:1086C0001B0E9046924665D0FF2B55D0802200218C
:1086D000ED00D2047F3B1543F61A43464A467B40E1
:1086E0000F2A00D98DE06D48920082589746002CE1
:1086F00054D108239946063BFF269B46DAE700251E
:10870000534602291BD0032900D1BFE0012928D0FC
:1087100030007F30002820DD6A0704D00F222A4075
:10872000042A00D004352A0103D530005C4A803089
:108730001540FE2803DCAC01640AC2B201E0FF224E
:1087400000246402D205600ADB07104318433CBCD6
:1087500090469946A246AB46F8BD0122101A1B2846
:108760007CDD00220024ECE7002C1DD10423994677
:10877000033B00269B469DE7FF3E002D20D10221B2
:1087800043464A467B400A430F2AD8D845489200C0
:1087900082589746002D19D10121F1E70C23994603
:1087A000093BFF269B4685E7200002F06DF8762600
:1087B000431F9C4000237642361A99469B4679E730
:1087C0004A4603231A439146032186E7280002F014
:1087D0005BF8431F36189D40763600217DE78024E4
:1087E0000023E403FF22ACE700258023DB031C42C7
:1087F00028D01D4226D12B435C02640A4346FF2247
:108800009FE762016C01A24224D21B210025013E98
:10881000012710006D005200002801DB944201D8AE
:10882000121B3D4301390029F3D11400621E94410B
:1088300025436DE7BA46594625005346022900D024
:1088400061E77CE78023DB031C436402640A3B008E
:10885000FF2276E7121B1A210125D9E79E362A004E
:10886000B5402C00C240651EAC411443620704D0E1
:108870000F222240042A00D00434620103D4A40150
:10888000640A00225DE7012200245AE78024E40301
:108890002C436402640AFF2253E7C046FCDE00005A
:1088A000FFFFFFF73CDF0000F0B54E465746454658
:1088B000DE46E0B543025B0A450083B00F1C9946D3
:1088C0002D0EC60F002D57D0FF2D24D08020DB00A9
:1088D000C0041843002381469A469B467F3D7C0294
:1088E0007A00FB0F640A120E984623D0FF2A4BD061
:1088F000E30080240020E4047F3A1C43AD186B1C85
:1089000047460193534677403A000F2B48D87D499C
:108910009B00CB589F46002B00D085E008339A4639
:10892000063B9B467C027A00FB0FFF25640A120E71
:108930009846DBD1002C00D090E0524601231A4328
:1089400092460120DBE74C4658461700022824D007
:10895000032800D1CFE00022002301284DD1580286
:10896000D205400AFF071043384303B03CBC904691
:108970009946A246AB46F0BD002B5BD104239A4634
:10898000033B00259B46AAE7FF35002C60D15246E9
:1089900002231A4392460220B1E7FF220023DEE7BA
:1089A0004B461B0C9C464B462604360C180461466D
:1089B0003300220C6446000C43434E43504354435F
:1089C00080191A0C1218964203D9802149028C464C
:1089D00064441B041B0C1004C01883015E1EB341C9
:1089E000800E1843130C1B199B0103431C00230129
:1089F00079D5012362081C401443019A7F32002A72
:108A00004DDD630704D00F232340042B00D0043432
:108A1000230103D53C4B019A1C408032FE2ABCDC6A
:108A2000A3015B0AD2B29AE70C239A46093BFF25C1
:108A30009B4654E7180001F027FF4A46431F76255E
:108A40009A4000236D4291462D1A9A469B4646E76E
:108A5000524603231A439246032050E7200001F0B8
:108A600013FF431F2D1A9C40763D002047E78023CB
:108A70000027DB03FF2272E7424666E74C463200DE
:108A8000584662E780234A46DB031A4222D01C4242
:108A900020D123435B025B0A4746FF225FE70123A5
:108AA0009A1A1B2A21DC23000199D3409E318C4065
:108AB0001A0023005C1EA34113435A0704D00F225F
:108AC0001A40042A00D004335A0111D49B015B0AD6
:108AD000002244E780234A46DB0313435B025B0A20
:108AE0003700FF223BE7019587E70022002336E7A6
:108AF0000122002333E78023DB0323435B025B0A6D
:108B0000FF222CE77CDF0000FFFFFFF770B5002895
:108B10003DD0C317C5185D40C40F280001F0B4FE56
:108B20009E22121A962A07DCD2B2082833DD0838B2
:108B300085406802400A23E0992A0BDD05232900BD
:108B40001B1AD94003001B339D402B005D1EAB4117
:108B500019430D00052801DD431F9D402B000F49DF
:108B60000B406E0709D00F263540042D05D0043385
:108B70005D0102D59F220B40121A9B01580AD2B206
:108B80004002D205400AE4071043204370BD002490
:108B900000220020F4E76802400AF1E7FFFFFFFB34
:108BA000F0B54F464646D6460C000903C0B5490A03
:108BB000470F5E0039431F03DB0F9C4665007B0AAD
:108BC000570F1F436D0DE40F760DA146C000B84648
:108BD000D200AB1B64457BD0002B5FDD002E00D0A4
:108BE000A4E03E00164300D112E15E1E002E00D02C
:108BF0009EE1871A4346B84280410125C91A404286
:108C0000091A0B0200D431E149024E0A002E00D1AC
:108C10006EE1300001F038FE0300083B1F2B00DD41
:108C200061E120223900D21A9E40D1409F400E437C
:108C30009D4200DD51E15D1B6B1C1F2B00DD7CE1C3
:108C40002021C91A3D0030008F408840DD40791E48
:108C50008F41310007222843D940002507433A407D
:108C6000002A09D00F233B40042B05D03B1DBB42FB
:108C7000BF417F42C9191F000B0200D426E26A1CC3
:108C8000C64B55056D0D9A4200D106E1C44AFF0856
:108C90000A40530752023B43120B8EE0002B00D0D8
:108CA000B8E06B1C5B055B0D012B00DC30E1871A23
:108CB0004346B842B641CB1A76429E1B330200D5DA
:108CC0004CE13B003343A1D100220024002570E099
:108CD000002B00DCE5E0002E00D183E0AF4EB54272
:108CE00060D0802636043743B846382B00DC3EE19E
:108CF000434613431F007A1E97413F188742804125
:108D0000404209180B0200D4B0E0A44B01359D424B
:108D100000D1C3E0A24A7B080A4001210F401F4353
:108D20005108D30707221F433A4099E79B4EB542AB
:108D300038D0802636043743B846382B00DDDCE0D7
:108D40001F2B00DC30E11E004746203EF740BC46AA
:108D5000202B04D04026F31A46469E40324317008B
:108D600063467A1E97411F43CCE0002B00D104E2FA
:108D70004346134300D159E14B07C00818438023F1
:108D8000C9081B03194208D04546ED081D4204D10D
:108D90004346D008590708432900420FC9007F4DB8
:108DA0001143C0004B07CA087C49C00803438D42E9
:108DB00068D012036D05120B6D0D0021120318000F
:108DC000130B0A0D12051A43764B2D0513402B4346
:108DD0005B00E4075B08234319001CBC90469946DE
:108DE000A246F0BD3E00164312D05E1E002E00D0FB
:108DF00000E187188742804141444042091801251B
:108E00000B0233D5022585E7644633004146100046
:108E10001D00C7E7002D00D0DAE00C000443F3D0BA
:108E20005C1C00D19FE15D4CA64200D12FE1DB43E9
:108E3000382B00DD66E11F2B00DD83E120240500D7
:108E4000E41A0F00DD40D940A0404346A7405B1A1A
:108E5000441EA04198462F433843171ABA42924104
:108E600043465242991A64463500CAE607223A4000
:108E7000002A00D0F6E64B07CA084849FF083B43E2
:108E80008D4296D11900114300D19EE18021090342
:108E90000A431203120B414D8FE7150000220023F5
:108EA0008BE7002B00D0C7E06B1C5F057F0D012F07
:108EB00000DCF1E0394DAB4200D1B9E085180A0081
:108EC000854289414244494251180722CF076D0823
:108ED0002F4349083A401D00C2E607223049ED1AE7
:108EE00031403A40BCE63E002838864000279FE6E5
:108EF000380001F0C9FC20308EE6434613431F00C2
:108F00007A1E9741C71BB84280414042091A78E651
:108F10000E003B0006431343002D61D1002E00D00C
:108F2000F4E0002B00D11BE164463900100039E762
:108F30001A4FBB427AD03300FFE630001F3DE840B5
:108F4000202B03D04021CB1A9E4037437B1E9F41EC
:108F5000072207433A400021002589E7171A4346B4
:108F6000BA42B641591A76428E1B64464EE61F2B12
:108F700000DDADE020264746F61AB740B946170097
:108F8000B246DF404E463E4337005646B240561E7C
:108F9000B24117434246DA408918AEE6FF070000A7
:108FA000FFFF7FFFFFFF0F8020264746F61AB740DE
:108FB000B9461700B246DF404E463E43370056469C
:108FC000B240561EB24117434246DA40891A99E729
:108FD0007F4CA6425BD0802424045B42214327E7D8
:108FE000002E0CD1002B00D1CBE0644639001000DC
:108FF000774DD7E6764FBB4218D0330075E6002B8D
:1090000014D04B07C00818438023C9081B0319421A
:1090100007D0FC081C4204D17907D0080843E14678
:1090200021004C46420FC9001143C000684DB9E60B
:109030001D0000220023C0E6002D5BD10D0005437A
:1090400000D1E2E65D1C00D1B0E0614DAE421FD020
:10905000DB43382B71DC1F2B00DD96E020250F0051
:10906000ED1AAF40B9460700AA46DF404D463D43E2
:109070002F005546A840D940451EA84188440743C3
:10908000BF18974292415142414435003AE6644646
:1090900035004146100085E60B000343002D00D04B
:1090A00063E6002BF5D04346134300D17AE68718D8
:1090B0008742804107224144404209183A400B024E
:1090C00000D4D5E6434B01351940C9E5380069E6BF
:1090D0001E004746203EF740BC46202B04D04026C9
:1090E000F31A46469E403243170063467A1E974164
:1090F0001F4302E6364DAE42CAD080252D045B42A6
:109100002943A6E70843411E8841A6E6002B00D16B
:1091100048E6871A4346B842B641CB1A76429E1BB0
:1091200033024BD5171A4346BA429241591A52425A
:10913000891A072264463A4092E501430F00791EDE
:109140008F419DE71C000F00203CE740202B03D0FF
:109150004024E31A99400843411E884138437CE685
:109160000022002425E6171A4346BA429241591AB2
:109170005242891A6446350043E541461000144DB9
:1091800010E680220024120380E61D000F00203D1F
:10919000EF40BC46202B03D04025EB1A99400843F2
:1091A00007006346781E87411F4369E78718974287
:1091B0009B4141445B42C9183500A3E53B00334362
:1091C000CED0072231003A4052E600231A00F4E5DF
:1091D000FF070000FFFF7FFFF0B55746DE464E4613
:1091E0004546E0B5834607000E03480085B0924629
:1091F0001C00360B400DCD0F002800D19DE0954B93
:10920000984239D08023F6001B041E43924A7B0FFC
:109210003343994694460300634400930023002699
:10922000FF00029323031B0B98466300E40F524692
:109230005B0D019400D1B3E086498B4200D19EE0E2
:109240004246D100802212040A435146490F11437D
:109250008B46814952468C4600996344CB1A0021C3
:10926000D20000932B0063409A460F2E00D905E1EF
:109270007A4BB6009B599F465B463343994600D0D4
:10928000B8E002230826002700900293CAE7CB46E5
:109290003A0002990195019B9A46022927D0032999
:1092A00000D180E2012944D06D49009B8C46634483
:1092B0001C00002C38DD530700D013E2D2085B46B7
:1092C000DB0109D55946674B19408B468021C900FF
:1092D0008C46009B63441C00634B9C4207DC5B464E
:1092E00064055F075B0217431B0B620D02E000235E
:1092F0000027584A00211B031C0B0B0D1B052343A1
:1093000014055A4A380013401C4353466400DB07D7
:1093100064081C43210005B03CBC90469946A24617
:10932000AB46F0BD0122524201231B1B382B00DC4F
:10933000ADE1002200230027DCE75B46334399467A
:109340005ED0002E00D18AE1300001F09DFA0300CA
:109350000B3B1C2B00DD7BE11D22D31A5A4601007A
:10936000DA4008398E4013005F46334399468F40F8
:109370003F4B00261B1A00930023029352E74146FD
:1093800053460B433B499B468C46009B63440093EA
:109390005B46002B3BD1022300221E43022161E7E2
:1093A000434613439B4637D04346002B00D162E12E
:1093B000404601F069FA03000B3B1C2B00DD53E132
:1093C00002004146083A914088461D21CB1A514679
:1093D000D9400B0041460B439B46534693401A002D
:1093E000009B25499C46604403008C4663440093DF
:1093F000002137E70323B14600900C26029311E7C2
:109400000023009301330426002702930AE7032375
:10941000C3461E43032125E701331E4300220121D9
:1094200020E700239A46802300271B03094A61E7AF
:10943000802349461B03194200D1E2E059461942F4
:1094400000D0DEE00B431B0317001B0BA246014AB2
:1094500050E7C046FF07000001FCFFFFBCDF000033
:10946000FF030000FFFFFFFEFE070000FFFF0F806D
:109470000DFCFFFF01F8FFFFF3030000D94500D901
:10948000CBE000D1C6E03C0048460027009B013BF2
:1094900000935B46160E1B021E43130298463304CC
:1094A0001B0C9946310C0191FEF702FD4A464243DE
:1094B0000B04210C050019438A4207D98919013D83
:1094C0008E4203D88A4201D9851E8919881A0199CA
:1094D000FEF7EEFC09048C464A46210464464243EA
:1094E000090C030021438A4204D98919013B8E42A9
:1094F00000D8F1E02D041D43AB464346891A42468D
:10950000280C12041D0C5B46140C22001B041B0CBF
:109510005A4303946B434443029568431B19150C4B
:10952000EB189C4203D980246402A44660441C0CBE
:1095300015041B042D0C20185D19814277D373D0BC
:109540000C1AA24A7D1BAF42BF419446009B7F424A
:109550006344E01B1C00864200D1DBE00199FEF76A
:10956000A7FC4A4642430B04290C070019438A42D0
:1095700007D98919013F8E4203D88A4201D9871E33
:109580008919881A0199FEF793FC09044A4689460D
:1095900029044D464243090C030029438A4207D956
:1095A0008919013B8E4203D88A4201D9831E891949
:1095B0003F04891A3A00039F1A43380013041B0C16
:1095C000584381460298150C6F4343434543484630
:1095D000000C8446DB1963449F4203D9802040027B
:1095E0008446654448461F0C00041B04000C7D198A
:1095F0001818A94200D284E000D17FE001231A4369
:1096000057E680234A461B0313431B031B0BAA4642
:109610006F4A6FE6BA4200D935E74B46DC07580877
:109620007B081C43FF0734E70024AF4289D247443C
:109630004745A4415B466442A4196418013BA64215
:109640001ED2A0426DD800D1B6E0241A9B4678E71E
:1096500003005A46283B9A400027914688E6584620
:1096600001F012F9203072E603005246283B9A407E
:1096700093460022B4E6504601F006F920309AE6FF
:10968000A642E2D1B845DCD9341A9B4659E71F2BD4
:1096900065DC504C0099A4465C46614408008C404F
:1096A00011008240D940501E82410C4314435A4657
:1096B000DA401300620709D00F222240042A05D0A5
:1096C0002200141D9442894149425B181A0262D556
:1096D0000122002300270DE68A4200D80AE7831EF4
:1096E000891907E70F231340042B00D1E6E5171D66
:1096F0009742924153429B44FA08E0E5002800D18A
:10970000D7E57118531EB14227D3A94215D358D0BB
:109710001A0073E7002B00DC04E6012300229B44BF
:10972000CDE502234744474589415B429C46494277
:1097300089190C19E344241A03E743465F0047459F
:109740009B41B8465B429E19023A8919A94200D052
:1097500054E7404500D051E7ABE51A00F6E71F217A
:109760005F4649420C1BE740202B07D01A49009B5B
:109770008C46634418005B4683401A43501E824166
:109780003A4307270023174009D00F210023114037
:109790001400042995D122005F075B021B0BD2083D
:1097A00017430022A6E5802359461B030B431B03E6
:1097B00017001B0B064A9DE5BD42B2D89B4600240C
:1097C000BFE68045B9D31A00C3E7C046FF030000D7
:1097D000FF0700001E0400003E040000F0B54F46E5
:1097E0004646D6468446C0B58046194E18030F0338
:1097F0004D00000B5C0082463F0B6D0DC90F91467A
:10980000640DDB0F0120B5420AD0B44203D0A5425B
:1098100001D157450CD01CBC90469946A246F0BDDC
:1098200066463E43F7D1AC42F5D154461443F2D1DB
:109830000120C845EFD1994207D0002DEBD16346F6
:109840001F433800471EB841E5E70020E3E7C04664
:10985000FF070000F0B54F464646D6464D00C0B55E
:109860000E03C90F8A462C491F035C008046360B45
:109870006D0D91463F0B640DDB0F8D421ED08C4267
:1098800016D0002D1ED130438446002C01D13A431E
:1098900023D06246002A1AD09A4529D05146022088
:1098A0000139084001381CBC90469946A246F0BDDB
:1098B00039001143E5D002204042F4E73043FAD1A9
:1098C000AC420FD0002C0FD13A43E7D00CE001227C
:1098D000013B934318000130E5E763460020002B6D
:1098E000E1D0DBE73A43E6D19A45D7D1A542D5DCB2
:1098F000A54205DBBE42D1D808D00020BE42D2D25C
:1099000050460123013898430130CCE7C845C5D8FB
:109910000020C845F4D3C6E7FF070000F0B54F4666
:109920004646D6464D00C0B50E03C90F8A462E499D
:109930001F035C008046360B6D0D91463F0B640D96
:10994000DB0F8D4218D08C4211D0002D18D130433E
:109950008446002C1ED13A431CD163460020002BC4
:1099600030D0514602200139084001382AE0390040
:109970001143EAD0022025E03043FBD1AC4226D08F
:10998000002C26D13A4324D1514602200139084007
:10999000013817E06246002A0FD09A45E1D1A5426E
:1099A00005DBBE42DDD819D00020BE420AD25046A7
:1099B000012301389843013004E00122013B934325
:1099C000180001301CBC90469946A246F0BD3A43AF
:1099D000D0D19A45C5D1A542C3DCE0E7C845C0D87F
:1099E0000020C845E3D3EDE7FF070000F0B5574678
:1099F000DE464E464546E0B5834606000F03480066
:109A000087B092461D003F0B400DCC0F002800D1BF
:109A10006FE0DE4B984238D08023FF001B041F43C9
:109A2000730F3B430193DA4B0027994600239B4673
:109A3000F60081442B0369001B0B52469846490DE2
:109A4000ED0F002900D185E0D04B994200D173E0A1
:109A50004346DA0080231B0413435246CC48520F7E
:109A600084461343524600206144D20089442100B9
:109A7000694000918C46012149448A460F2F00D944
:109A800090E0C449BF00CF59BF465B463B430193BA
:109A900000D06AE102230827002681469B46C9E7D9
:109AA00032005846019B61460091022800D175E0C2
:109AB000032800D1FEE1012800D02CE1002300277B
:109AC000002600253F032A0D3F0BB34812053A43F9
:109AD00002401B051343009A5B00D1075B080B4350
:109AE0003000190007B03CBC90469946A246AB46F0
:109AF000F0BD5B463B43019300D12FE1002F00D125
:109B0000A5E1380000F0C0FE03000B3B1C2B00DD7C
:109B100096E11D22D31A5A460100DA405E46083902
:109B20008F4013008E403B4301939C4B00271B1A30
:109B3000994600239B467DE7414653460B43934994
:109B40008C46E144002B00D01AE102220220174388
:109B500000228CE7134300D10DE14346002B00D1D6
:109B600081E1404600F090FE02000B3A1C2A00DD25
:109B700072E10100434608398B4098461D239A1A2A
:109B80005346D3401A004346134352468A4049463F
:109B9000081A824989468144002068E77B4B0027E8
:109BA00000268EE7140C1204120C1100370C360438
:109BB000350C794328008C462E0060436044834670
:109BC00056432100300C8046584679434044029168
:109BD000844506D98846802149028C46E0444146A6
:109BE00002913604010C360C00048B4681191E0CC0
:109BF0001B041B0C0391190079438C462800754304
:109C00006544A8465843050C45447743A94203D907
:109C1000802149028C466744290C8C463900000497
:109C2000000C2D042D186144AB4405915946049154
:109C300001990F043F0C080C3900514342439046F0
:109C400002008C46090C8B4662437C4344445C44CE
:109C5000A04503D98021490288464244210C884608
:109C600061460904090C8C4639005943434370434B
:109C70007E430F0CF6182404BE19644442448C46FB
:109C8000B34203D980235B0298464044029B61465D
:109C90009846049B370443449B46AB45AD416B4219
:109CA0000D0405992D0C8C467F196744FD18A846B4
:109CB0005D462D19A542A44193466442A446C3447F
:109CC000DC448F42BF4198459B4193459241A44556
:109CD000A4415B427F421F43360C52426442BF198B
:109CE0002243BF18624638184302D20D039913432A
:109CF0006A020A43501E82416146ED0D2A434E021C
:109D00003243D90100D4B3E0012650083240024367
:109D1000DE0732435B08224C5444002C62DD5107BD
:109D200009D00F201040042805D0101D9042924108
:109D300052429B180200D90104D580241948E4003E
:109D4000034054441848844200DD27E75E075B0265
:109D5000D2081F0B630516435B0DB2E6002399463C
:109D60000133042700269B4664E6032301978146BE
:109D70000C279B465EE6012201201743002276E66F
:109D8000032303201F43434671E6C046FF0700003C
:109D900001FCFFFFFCDF0000FFFF0F800DFCFFFF59
:109DA000FF030000FFFFFFFEFE07000000238027E7
:109DB00000933F030026434B83E6019B3200A446F9
:109DC000584670E6AC466EE6802701993F0339425B
:109DD0002DD03B422BD11F433F033F0B0095160074
:109DE000384B6EE601252D1B382D00DD66E61F2D54
:109DF00040DC35481C005044160082408440EE4050
:109E0000501E824134431443EB40620709D00F22B5
:109E10002240042A05D02200141D94428041404271
:109E20001B181A023ED501230027002649E6802789
:109E3000019B3F031F433F033F0B0094214B40E630
:109E400003005A46283B9A40002601926DE6584688
:109E500000F01AFD203057E603005246283B9A4096
:109E60001300002293E6504600F00EFD20307BE602
:109E7000CA4650E71F201E004042041BE640202D2A
:109E800003D0124C5444A3401A43501E8241324323
:109E900007260027164009D00F2000231040140089
:109EA0000428B9D122005E075B021F0BD2081643BB
:109EB000002306E680273F031F433F033F0B1600A6
:109EC000004BFEE5FF0700001E0400003E040000FA
:109ED000F8B557464E464546DE460C000903E0B548
:109EE000490A460F5F0031431E03DB0F760A9B468B
:109EF000530F3343C84E6500C000E40FD2006D0D10
:109F0000A24681467F0D9C469046B74200D1B9E0FB
:109F10005B46012673409B46EE1BA34500D183E0C0
:109F2000002E63DD002F00D0B1E06346134300D163
:109F300023E1731E002B00D0BAE1861A6346B042BB
:109F400080410125C91A4042091A0B0200D447E199
:109F500049024B0A98464346002B00D189E140460E
:109F600000F092FC0300083B1F2B00DD7CE1202267
:109F70003000D21A4146D040994002009E400A4328
:109F80009D4200DD6AE15D1B6B1C1F2B00DD94E12F
:109F9000202110003500C91A8E40DA408840DD408B
:109FA000711E8E41110007222843002506433240CE
:109FB000002A09D00F233340042B05D0331DB342B0
:109FC000B641764289191E000B0200D43DE26A1C9C
:109FD000914B55056D0D9A4200D119E18F4AF60853
:109FE0000A40570752023743120B9BE0002E00D065
:109FF000C5E06E1C7605760D012E00DC48E1674653
:10A00000861ACB1BB042BF417F42B8461F00434671
:10A01000FF1A3B00B8461B0200D55FE137439AD1D7
:10A0200000220024002579E0002E00DCFAE0002F59
:10A0300000D18DE0784B9D4267D0802367461B049A
:10A040001F43BC46382E00DC52E1634613435A1EC0
:10A0500093411E1886428041404209180B0200D4E9
:10A06000BEE06D4B01359D4200D1D2E06B4A7308D2
:10A070000A4001210E401E435108D30707221E4308
:10A08000324095E71E00164300D045E740E7624B9B
:10A090009D423AD0802367461B041F43BC46382E9E
:10A0A00000DDEBE01F2E00DC3AE133006746203B89
:10A0B000DF403B00202E05D04027BF1B6646BE4038
:10A0C000324390464646721E96413343DAE0002BF7
:10A0D00000D114E26346134300D168E180234E07A8
:10A0E000C008C9081B030643194208D06046C008CF
:10A0F000184204D163460100D2085E071643F300FC
:10A100009946C900720F444D11434B46DE08424B3D
:10A110004F073743CA089D4200D16EE012036D0518
:10A12000120B6D0D00211203130B0A0D12051A43B9
:10A130003B4B2D0513402B435B00E4075B08234397
:10A14000380019003CBC90469946A246AB46F8BD83
:10A150006346134311D0731E002B00D007E186180D
:10A160008642804161444042091801250B0237D5DF
:10A1700002257BE73E00614691463500C5E75C4617
:10A18000002D00D0E1E00B000343F3D0731C00D19D
:10A19000ACE1214B9F4200D13AE1F343382B00DD83
:10A1A0006FE11F2B00DD8CE120250E00ED1AAE4083
:10A1B000B0460600AA46DE40454635432E005546C9
:10A1C000D940A8406346451EA8415B1A9C463043CF
:10A1D000161AB242924163465242991A3D00B4E6C1
:10A1E00007223240002A00D0E4E60B4BF6084F0766
:10A1F0003743CA089D4200D090E73B00134300D18B
:10A20000A6E180231B031A431203120B024D89E7B8
:10A2100015000022002785E7FF070000FFFF7FFFF2
:10A22000FFFF0F80002E00D0C7E06B1C5E05760D8F
:10A23000012E00DCF0E0C84DAB4200D1B9E085183A
:10A240000A00854289416244494251180722CE07DB
:10A250006D082E43490832401D00A9E6BF49ED1A9A
:10A26000114007223240A3E63200283882400026FF
:10A2700086E6300000F008FB203073E663461343A7
:10A280005A1E9341C61AB04280414042091A5CE608
:10A290000E00674606431743002D5ED1002E00D006
:10A2A000F3E0002F00D11EE15C46614691462CE7A9
:10A2B000A94FBE427BD01E00F1E610001F3DE840D2
:10A2C000202B03D04021CB1A9A401643731E9E4187
:10A2D0000722064332400021002583E7161A634611
:10A2E000B2428041591A40420B1A98465C4632E607
:10A2F0001F2E00DDABE02027BB1B9A466346574666
:10A30000BB40994613004F46F3401F433B0057465E
:10A31000BA40571EBA4113436246F240891898E684
:10A320002027BB1B9A4663465746BB4099461300FD
:10A330004F46F3401F433B005746BA40571EBA41B1
:10A3400013436246F240891A9CE7834B9F425FD0D9
:10A3500080252D047342294320E7002E0CD1002FC5
:10A3600000D1D0E05C46614691467B4DCDE67A4F08
:10A37000BE421CD01E0065E6002F18D0C0084E0754
:10A3800006438020C9080003014208D06346DC0868
:10A39000044204D12100DA46D2085E071643F300D6
:10A3A000994601245346C900720F11431C406A4D5F
:10A3B000ABE61D0000220027B4E6002D59D10B00AA
:10A3C000034300D1D6E6731C00D1B2E0624B9F423A
:10A3D0001ED0F343382B6FDC1F2B00DD97E02025C8
:10A3E0000E00ED1AAE40B0460600AA46DE404546D5
:10A3F00035432E005546A840D940451EA8418C44FF
:10A400000643B61896429241514261443D0025E60A
:10A410003D006146914678E60B000343002D00D0D5
:10A4200055E6002BF5D06346134300D16DE6861840
:10A430008642804161444042091800220B0200D448
:10A44000D0E6464B01351940B2E5B1465DE6330032
:10A450006746203BDF403B00202E05D04027BF1B36
:10A460006646BE40324390464646721E964133438E
:10A47000EFE5394B9F42CBD080252D047342294311
:10A48000A8E70843411E8841A2E6002F00D13CE620
:10A490006346861ACF1AB0429B415B42FB1A98462C
:10A4A0001B024ED5161A6346B2429241591A5242C5
:10A4B000891A5C4600227BE501430E00711E8E4125
:10A4C0009FE71D000E00203DEE40B046202B04D03B
:10A4D0004025EB1A99400843814648464346411EB1
:10A4E0008841184374E60022002417E6161A6346D2
:10A4F000B2429241591A5242891A3D0025E56146FD
:10A500009146154D01E680220024120379E61D00D4
:10A510000E00203DEE40B046202B04D04025EB1A23
:10A520009940084381464E464346711E8E411E4364
:10A5300067E7861896429B4161445B42C9183D001B
:10A540008CE547463743CED007224146324049E6A4
:10A5500000273A00E6E5C046FF070000FFFF7FFF47
:10A5600070B50C4E0D031C0349005B002D0B490D0B
:10A57000240B5B0DB14208D0064900208B4203D169
:10A5800014432000441EA04170BD05430120002D4E
:10A59000FAD1F1E7FF07000030B5144D0A034B0074
:10A5A000120B5B0DC90F0024AB4211DD104CA3420E
:10A5B00010DC8024640322430E4CE41A1F2C0CDDB3
:10A5C0000D48C31ADA4013005C42002900D11C0078
:10A5D000200030BD094BCC18FAE7094DE040AC46ED
:10A5E00063449A4013000343EEE7C046FE030000B5
:10A5F0001D0400003304000013040000FFFFFF7F70
:10A60000EDFBFFFF70B500282DD0C317C5185D40C6
:10A61000C40F280000F038F9154B1B1A5B055B0DC1
:10A620000A2815DD0B38854000222D032D0B002153
:10A6300010002D030A0D2D0B12052A430D4D1B058D
:10A640002A4013435B00E4075B082343190070BDF5
:10A6500002002900153291400A000B21081AC5405A
:10A660002D032D0BE3E70024002300250022DEE765
:10A670001E040000FFFF0F8010B5041E25D000F05F
:10A6800003F9144B1B1A5B055B0D0A2812DD0B380E
:10A69000844000222403240B0021100024030A0D0F
:10A6A000240B120522430C4C1B05224013435B0074
:10A6B000590810BD02002100153291400A000B21FB
:10A6C000081AC4402403240BE6E7002300240022D8
:10A6D000E2E7C0461E040000FFFF0F804100090EA4
:10A6E0004B1C70B5DBB24602750AC40F012B14DD9A
:10A6F000E0239B006D07360BCB1800210A0D2800C4
:10A7000012051C4D32435B052A405B0813435B0076
:10A71000E4075B082343190070BD002914D1002D04
:10A720001ED0280000F0B0F80A281CDC0B232A00F9
:10A730001B1ADA40030015339D400F4B12031B1AFE
:10A740005B05160B5B0DD8E7002D06D0320B80267B
:10A7500036036D071643094BCFE7084B0026CCE7BD
:10A7600000230026C9E703002A000B3B9A4000257E
:10A77000E3E7C046FFFF0F8089030000FF070000EA
:10A78000F0B54C00640D0B03621C5B0A460F5205CA
:10A79000C90F1E43C500520D012A29DD374BE718AA
:10A7A000FE2F1CDC002F3BDD8001431E9841072259
:10A7B000F3006D0F03432B431A40002A04D00F22ED
:10A7C0001A40042A00D004338022D2041A4024D034
:10A7D0000137FAB2FF2F02D09B01580A01E0FF2295
:10A7E00000204002D205400AC90710430843F0BDCB
:10A7F0003543002C04D1002D0AD100220020F0E7BF
:10A80000002DECD08020C0033043FF22E9E7002474
:10A8100000235B02580AE2B2E3E7DB083C00F8E7FA
:10A820003B001733F3DB80231B0433431E26F61B48
:10A830001F2E14DD02225242D71B1A00FA401700C5
:10A84000202E04D00E4A94466444A3401D432B009E
:10A850005D1EAB4107223B431A400027ADE7094A82
:10A860002800A218954093406C1EA541F040072295
:10A870002B4303431A4000279FE7C04680FCFFFF9D
:10A88000A2FCFFFF82FCFFFF1C2101231B04984256
:10A8900001D3000C10391B0A984201D3000A083971
:10A8A0001B09984201D30009043902A2105C401828
:10A8B0007047C046040302020101010100000000CC
:10A8C0000000000010B5002903D1FFF7DDFF2030A4
:10A8D00002E0081CFFF7D8FF10BDC04610B5040009
:10A8E00004481300002804D00A000220210000E0E0
:10A8F00000BF10BD0000000070B500260C4D0D4CCF
:10A90000641BA410A64209D1002602F0BFF80A4D2C
:10A910000A4C641BA410A64205D170BDB300EB58CD
:10A9200098470136EEE7B300EB5898470136F2E757
:10A93000B4020020B4020020B4020020D0020020A3
:10A9400010B5034B0100186800F08EF810BDC0462A
:10A95000E400002010B5034B0100186800F03AF83D
:10A9600010BDC046E400002082B0002900D101A93A
:10A97000101E06D0002B06D013780B601078431EF3
:10A98000984102B0704702204042FAE7002310B518
:10A990009A4200D110BDCC5CC4540133F8E710B525
:10A9A000884202D98B18984203D3002307E08B5CBE
:10A9B0008354013AFBD210BDCC5CC45401339A429B
:10A9C000FAD1F8E703001218934200D170471970CA
:10A9D0000133F9E770B50500002910D00C1F23687A
:10A9E000002B00DAE418280001F0BDFB1D4A1368B3
:10A9F000002B05D163601460280001F0B5FB70BD29
:10AA0000A34209D9216860188342F3D118685B68B2
:10AA100041182160EEE713005A68002A01D0A242D3
:10AA2000F9D919685818A0420BD12068091858188C
:10AA300019608242E0D110685268411819605A606A
:10AA4000DAE7A04202D90C232B60D5E72168601811
:10AA5000824203D1106852684118216062605C60D4
:10AA6000CAE7C04684140020032370B5CD1C9D4363
:10AA7000083506000C2D1ED20C25A9421DD8300029
:10AA800001F071FB254A14682100002919D1244CDA
:10AA90002368002B03D1300000F0A2FC20602900C5
:10AAA000300000F09DFC431C2BD10C2330003360A0
:10AAB00001F05AFB03E0002DDFDA0C2333600020A5
:10AAC00070BD0B685B1B19D40B2B03D90B60CC1822
:10AAD000256003E04B688C420DD11360300001F01B
:10AAE00043FB200007220B30231D9043C31AE7D0FD
:10AAF0005A42E250E4E763600C00EFE70C0049685B
:10AB0000C3E70323C41C9C43A042E1D0211A3000B8
:10AB100000F066FC431CDBD1C7E7C046841400206C
:10AB200088140020F0B58BB014001D1E129953DA62
:10AB3000802424061B191D0014002D230B702023D4
:10AB4000149E03229E43462E07D03300453B5942B4
:10AB50004B411099013ACB18109309AB049308AB01
:10AB60000393139B00920293109B220001932B00EE
:10AB700000F002FD0700472E02D1119BDB0724D510
:10AB8000109BFB180793462E14D13B78302B0CD129
:10AB90000022002320002900FDF78AFA002804D1B2
:10ABA0000123109A9B1A139A1360139B079A1B6830
:10ABB000D31807930022002320002900FDF778FA1C
:10ABC000302200280DD0079B09933800099B159A65
:10ABD000DB1B13600BB0F0BD0023AFE7591C0991DC
:10ABE0001A70099B07998B42F8D3EEE7F0B5831CE6
:10ABF00085B0019306000C0002702B23002901DAB6
:10AC00002D234C427370092C22DD02ABDD1D200088
:10AC10000A21FDF737FA6F1E3031397020000A2102
:10AC2000FDF74AF9040009280BDC023D3034019B92
:10AC30002C7002AA07321800AA4204D8801B05B063
:10AC4000F0BD3D00E3E72A7801351A700133F0E7E3
:10AC50003023E418B370301DF470EFE7F0B595B011
:10AC60000C000A920B931A9D099001F065FA036893
:10AC700018000C9300F0E6FB0023129323680E905B
:10AC80000D930D99277E2B680722C90545D59B1882
:10AC900093431A0008322A601A685B68A264E3646E
:10ACA0000122E56CA66C6B005B080F935242AC4B23
:10ACB00030000F99FFF754FC002830D10122A84B37
:10ACC000524230000F99FDF703FA002827D10022E5
:10ACD000002330002900FDF7F1F9002803D02300FC
:10ACE0002D2243331A709F4D472F00D89E4D0323CA
:10ACF00000260D9A236101339A4322600B9B13AA0D
:10AD0000009321000A9B099800F0F4F9431C00D03D
:10AD100093E00120404215B0F0BD0733B8E73200A0
:10AD20002B0030002900FFF71BFC002804D08F4DBA
:10AD3000472FDCD88E4DDAE780230D996268DB005F
:10AD40000B43511C43D10732626012AA00210592C5
:10AD500011AA0392232223600691019308A9636834
:10AD600052180292009332002B0004970998FFF7C3
:10AD7000D9FE20233A0005009A43472A07D1119BA8
:10AD8000DA1C02DB6268934245DD023FFFB2119993
:10AD9000652F25D8200001393A0050301191FFF776
:10ADA00025FF129A060013182361012A02DC22688B
:10ADB000D20701D501332361232308AA9B181B78EE
:10ADC000002B9BD023002D2243331A7096E7672F68
:10ADD00000D176E1472FB8D1002AB6D10122B3E7DE
:10ADE000662F19D1636800290CDD2161002B02D187
:10ADF0002268D20702D501335B182361119B00261C
:10AE0000A365D9E7002B03D101222168114200D0AC
:10AE10009A1C2261F2E76727119B129A934205DB85
:10AE200022682361D207E9D50133E6E70121002B2F
:10AE300001DC4918C91A5218EBE72268530508D4F7
:10AE400023692A000A9909980B9DA847431C29D118
:10AE50005FE7652F00D8E0E0A06CE16C00220023E2
:10AE6000FDF726F9002834D00123424A0A990998AF
:10AE70000B9DA847431C00D14BE7119B129A9342AC
:10AE800002DB2368DB070DD50B9D0E9B0C9A0A99FC
:10AE90000998A8470025431C00D13AE7129B013BC3
:10AEA000AB420ADC23689B0700D508E1139BE068EE
:10AEB000984200DB2FE718002DE7220001231A3209
:10AEC0000A9909980B9EB047431C00D121E7013530
:10AED000E4E7119B002B2DDC0123264A0A990998EF
:10AEE0000B9EB047431C00D113E7119B002B05D1EB
:10AEF000129B002B02D12368DB07D3D50B9E0E9B40
:10AF00000C9A0A990998B0470026431C00D100E723
:10AF1000119B5B42B34201DC129B92E722000123AA
:10AF20001A320A9909980B9FB847431C00D1F0E6E2
:10AF30000136EDE7A36D129F9F4200DD1F00002F39
:10AF400008DD3B002A000A9909980B9EB047431C74
:10AF500000D1DEE600230D93FB43DB170F9318E0CF
:10AF6000FFFFEF7F4AE0000046E0000052E00000F3
:10AF70004EE000009FCF0000220001231A320A9900
:10AF800009980B9EB047431C00D1C2E60D9B0133CC
:10AF90000D930F9BA66D0D9A3B40F31A9342EBDC89
:10AFA000119B129AAD19934210DB2368DB070DD475
:10AFB000129F119BBE1BFF1AB74200DD3700002F06
:10AFC0000DDCFE43F31700250C931CE00E9B0C9A3E
:10AFD0000A9909980B9FB847431CE9D199E63B00B1
:10AFE0002A000A9909980B9DA847431CE9D190E6CD
:10AFF000220001231A320A9909980B9EB047431C7C
:10B0000000D186E60135119A129B0C999B1A3A00E1
:10B010000A409B1AAB42EBDC44E7129B012B02DC9B
:10B0200001231A4232D001232A000A9909980B9F62
:10B03000B847431C00D16CE60E9B0C9A0A990998FC
:10B040000B9F0135B847431C00D162E6A06CE16C50
:10B05000129B00225F1E0023FDF72AF83B00002808
:10B0600014D000250AE0220001231A320A99099817
:10B070000B9FB847431C00D14BE60135129B013BA7
:10B08000AB42F0DC220033005032DBE62A000A99A2
:10B0900009980B9DA847431CF4D13AE622000123EE
:10B0A00019320A9909980B9EB047431C00D130E62B
:10B0B0000135E368139A9B1AAB42EFDCF6E60025F4
:10B0C000F7E7002A00D189E60021069112A905912F
:10B0D00011A90391232108A8091823600193009264
:10B0E0002B000497029132000998FFF71BFD050021
:10B0F00045E6C046F7B5150001938A680B690090D4
:10B100000C00934200DA130022002B6043321278C5
:10B11000002A01D001332B6023689B0602D52B68DF
:10B1200002332B60062723681F4027D023004333B8
:10B130001B785A1E93412268920630D4220001994E
:10B1400043320098089EB047431C25D00623206850
:10B150002A68E16803400025042B03D18D1AEB43D4
:10B16000DB171D40A3682269934201DD9B1AED188D
:10B170000027BD4220D1002010E00137E3682A6893
:10B180009B1ABB42D2DD220001231932019900989B
:10B19000089EB047431CF0D101204042FEBD302044
:10B1A000E1184331087021005A1C45310978A21872
:10B1B000433202331170C1E7220001231A32019990
:10B1C0000098089EB047431CE6D00137D1E7000045
:10B1D000F0B589B004920A004332059303900292BD
:10B1E0000A7E0C000E9B6E2A00D186E01FD8632ACF
:10B1F00033D008D8002A00D18CE0582A4DD0250041
:10B2000042352A7030E0642A01D0692AF7D11968E2
:10B2100025680A1D280629D508681A60002803DA5F
:10B220002D23029A404213706B4E0A274FE0732A77
:10B2300074D008D86F2A1FD0702AE0D12022096864
:10B240000A43226003E0752A16D0782AD7D122005B
:10B25000782145321170614E22E025001A6842358E
:10B26000111D196013682B70012365E008681A60CE
:10B270006906D3D500B2D1E719682568081D1860A2
:10B2800008682E0605D5544E08276F2A1BD00A27BA
:10B2900019E06D06F7D580B2F5E745314E4E0A70DC
:10B2A00018682268011D00681960150621D5D307AA
:10B2B00002D520231A4322601027002803D120231F
:10B2C00022689A4322602300002243331A70636885
:10B2D000A360002B58DB04222168914321600028E1
:10B2E00054D1029D002B5AD02500337842352B7063
:10B2F00055E05506DBD580B2D9E71A680D68101DF8
:10B300004969186013682E0601D5196002E06D06C0
:10B31000FBD519800023029D23614FE01A68111D9F
:10B320001960156800216268280000F011FF0028EC
:10B3300001D0401B6060636823610023029A137090
:10B340003CE023692A0004990398059DA847431C03
:10B350003ED023689B0715D4079BE068984239DAF2
:10B36000180037E022000123193204990398059E42
:10B37000B047431C2CD00135E368079A9B1AAB42B7
:10B38000F0DCE9E70025F7E70028ADD0029D3900A1
:10B39000FCF78EFD735C013D2B700028F7D1082F60
:10B3A00009D12368DB0706D563682269934202DC72
:10B3B0003023013D2B70029B5B1B2361059B07AA79
:10B3C00000932100049B0398FFF794FE431CB8D11F
:10B3D0000120404209B0F0BD56E0000067E00000E7
:10B3E000002370B5064C05000800236001F040FB07
:10B3F000431C03D12368002B00D02B6070BDC046D6
:10B40000901400200EB400B50B499CB01DAB029007
:10B410000690079104910948094904CB05910068F9
:10B4200002A9019301F01EFA0023029A13701CB0C6
:10B4300008BC03B01847C046FFFFFF7FE4000020B0
:10B440000802FFFF0023C25C0133002AFBD1581E13
:10B4500070470B1E04D0FF2A04D98A2303608B3B5C
:10B46000180070470A700123FAE7F0B503690C6908
:10B4700089B0070005910026A34265DB0B00013C63
:10B480001433A50003935B19049303001433029350
:10B490005D19049B28681B68591C0193FCF782FC0A
:10B4A0000190B04229D0039B02989C4606966246C2
:10B4B00008CA9446019A99B251431B0C5343891907
:10B4C0000A0C9B1807931E0C036889B29AB2069B5C
:10B4D000D2180368521A190C6B469B8BCB1A1114A5
:10B4E0005B18191492B21B041A43049B069104C002
:10B4F0006345DCD22B68002B2DD00599380001F074
:10B5000049F800281FDB0025019B029801330399AD
:10B510000193026808C992B255199AB2AA1A05682D
:10B520001B0C2D0CEB1A15145B191D1492B21B0485
:10B53000134308C0049B8B42EBD2029AA300D3189A
:10B540001A68002A11D0019E300009B0F0BD2B68A6
:10B55000002B04D1013C029B043DAB42F7D33C617C
:10B56000CBE71A68002A04D1013C029A043B9A42B4
:10B57000F7D33C61E7E70000F0B516001F00446A0E
:10B580009BB00290239D06960797002C08D11020AF
:10B59000FFF7D6F9029B5862446084600460C4607F
:10B5A000029B5B6A196800290BD05A6801239340FB
:10B5B0004A608B60029800F010FE0022029B5B6ADA
:10B5C0001A60002F20DA01232B607B005B080793B1
:10B5D000079CB24B220017931A409A4217D1B04BE6
:10B5E000229A1360069B002B03D1240301D100F0A3
:10B5F00087FDAC4B249A0893002A02D0AA4B249AC8
:10B60000136008981BB0F0BD00232B60E0E7069E96
:10B61000079F0022002330003900FCF749FD051E7A
:10B620000BD00123229A1360A04B249A0893002A7E
:10B63000E7D09F4A24990A60E3E718AB019319AB5E
:10B64000009332003B00029801F022F8630003905F
:10B650005B0D74D03A03974C120B14432100964AA9
:10B66000300016959E180022944BFEF731FC944A48
:10B67000944BFEF7BBF9944A944BFDF791FA040002
:10B6800030000D00FEF7BEFF914A924BFEF7AEF977
:10B6900002000B0020002900FDF782FA04000D00D3
:10B6A000FEF77AFF00220700002320002900FCF7A4
:10B6B00005FD002809D03800FEF7A4FF2B0022006A
:10B6C000FCF7F6FC434258413F1A01231493162F0E
:10B6D0000DD88149FB00C91808684968069A079B7C
:10B6E000FCF700FD002846D00023013F1493189B6F
:10B6F0009E1B00230A933300013B0B9304D50123C7
:10B700009B1B0A9300230B93002F36DB0B9B119797
:10B71000DB190B9300230493209B0124092B00D9F0
:10B7200084E0052B02DD0024043B2093209B981E1F
:10B73000032800D984E0FCF72BFB7577286A189B57
:10B74000199A9E18654BF218202A0FDD40239B1A88
:10B750009C40634B0698F318D8402043FEF78CFFBB
:10B760000123604C013E091916937CE720230698BB
:10B770009B1A9840F2E71490B9E70A9BDB1B0A93E7
:10B780007B42049300231193C6E701230D93219B71
:10B79000002B59DD0C930993029A556A00226A60C6
:10B7A0000432100014306968984252D9029800F0AF
:10B7B000DCFC029B28605B6A1B680893099B0E2BCC
:10B7C00000D90AE1002C00D107E1069B079C1293E7
:10B7D0001394002F00DC89E00F213A003E4B0A4011
:10B7E000D2009B181D685E6802233C110E93E3068D
:10B7F0000BD53D4B0C401A6A5B6A12981399FDF702
:10B80000EBFC0323069007910E9300233AE00123FB
:10B810000D93219BFB180C9301330993002BBBDC88
:10B820000123B9E70023B1E70023F1E700230D94DA
:10B830002093013B00220C93099313332192ABE731
:10B8400001230D93023BF5E701230C9309931A00A2
:10B85000F4E7013169605200A3E701231C420ED0D6
:10B860000E9B214A01330E93109B2800DB009B188E
:10B8700031001A685B68FEF7B9F805000E00109BEE
:10B88000641001331093002CE7D1069807992A0021
:10B890003300FDF7A1FC0690079142E00000F07F25
:10B8A0000F27000082E1000085E100009FCF00002B
:10B8B000A0CF00000000F03F01FCFFFF0000F83FB8
:10B8C00061436F63A787D23FB3C8608B288AC63FA6
:10B8D000FB799F501344D33F10E200003204000074
:10B8E00012040000000010FEE8E1000002230E93A5
:10B8F000002F16D0129813997C420D332340CE4A64
:10B90000DB00D3181A685B68FEF770F80023012685
:10B910001D00069007912411002C00D08CE0002B14
:10B92000B9D1149B002B00D196E0069C079D002204
:10B93000C24B20002900FCF7C1FB002800D18BE09E
:10B94000099B002B00D187E00C9B002B41DDBC4BF9
:10B95000002220002900FEF749F80E9B069007916F
:10B9600001330E930C9B7E1E0E981093FEF74AFE39
:10B97000069A079BFEF73AF80022B24BFDF710F942
:10B98000B14A0E900F910E9C0F9D94460F9B6344FD
:10B9900015931D00109B002B61D10698079900227A
:10B9A000AA4BFEF795FA2200159B06900791FCF72B
:10B9B00099FB002800D0A8E2A5480F99844661446D
:10B9C0000B00069807992200FCF778FB002800D0AE
:10B9D00095E2129B139C06930794199B002B00DAA7
:10B9E0005CE10E2F00DD59E1934BFA009B185C6877
:10B9F0001B6804930594219B002B00DBD8E0099B76
:10BA0000002B00DDD4E000D07DE2049805990022EF
:10BA10008E4BFDF7EBFF069A079BFCF76DFB099B2E
:10BA200004931E00002800D04FE2089B089A5D1C7A
:10BA30003123013713704BE234420AD00E9B854A02
:10BA400001330E93EB009B181A685B68FDF7CEFF7D
:10BA50003300641001355FE73E00099B84E7109BCB
:10BA60000D995A1E744BD2009B181A685B68002906
:10BA700049D000207849FDF7AFFB2B002200FEF7EC
:10BA800027FA089B0E900F91159306980799FEF7D9
:10BA900083FD0400FEF7B6FD02000B00069807992F
:10BAA000FEF716FA159B30345D1C1C700E9A0F9B26
:10BAB00006900791FCF702FB00286CD1069A079BC1
:10BAC00000205E49FEF704FA0E9A0F9BFCF7F6FA87
:10BAD000002800D0C3E0089B109AEB1A9A4200DCC1
:10BAE00077E70E980F990022554BFDF77FFF002254
:10BAF0000E900F9106980799514BFDF777FF15951A
:10BB000006900791C1E720002900FDF76FFF089C10
:10BB1000109A230094460E900F9163441593069853
:10BB20000799FEF739FD0500FEF76CFD0B000200DA
:10BB300006980799FEF7CCF93035159B257001342E
:10BB400006900791A3422AD10E980F99089A109B4C
:10BB50009446634400221D003F4BFDF721F802008C
:10BB60000B0006980799FCF7BDFA002800D076E094
:10BB70000E9A0F9B00203849FEF7AAF902000B002D
:10BB800006980799FCF79AFA002800D121E76B1E66
:10BB90001A78302A01D037003FE01D00F7E70698F9
:10BBA00007990022264BFDF721FF06900791B6E783
:10BBB000089E049A059B06980799FDF70DFBFEF772
:10BBC000EBFC0400FEF71EFD049A059BFDF70EFF3B
:10BBD00002000B0006980799FEF77AF9230030332C
:10BBE0003370099A089B751CEB1A9A4248D10200DF
:10BBF0000B00FCF7D5FF049A059B06900791FCF714
:10BC000071FA00282AD1049A059B06980799FCF737
:10BC10004FFA002801D0E30720D40399029800F0DE
:10BC2000DCFA00232B70229B01371F60249B002B22
:10BC300000D1E6E41D60E4E410E200000000F03F03
:10BC40000000244000001C400000C0FC0000144024
:10BC50000000C07CE8E100000000E03F3E006B1EF9
:10BC60001A78392A06D1089A9A4207D130231370DC
:10BC7000130001361A7801321A708CE71D00EEE7C6
:10BC80000022A44BFDF7B2FE00220023069007918C
:10BC90002E00FCF70DFA00288BD0BEE70D9A002A83
:10BCA00000D1DAE0209A012A00DDBDE0169A002AD0
:10BCB00000D1B5E0984A9B18049D0A9C0A9A01217C
:10BCC000D2180A920B9A0298D3180B9300F025FB16
:10BCD0000600002C0EDD0B9B002B0BDD0B9A2300C6
:10BCE000944200DD13000A9AE41AD21A0A920B9ABF
:10BCF000D31A0B93049B002B1FD00D9B002B00D15C
:10BD0000AFE0002D11D031002A00029800F09EFB18
:10BD1000039A01000600029800F008FB03991090B6
:10BD2000029800F05AFA109B0393049B5A1B04D00C
:10BD30000399029800F08AFB03900121029800F019
:10BD4000ECFA119B0490002B00D1E3E11A000100F2
:10BD5000029800F07BFB209B0490012B00DD82E029
:10BD60000025069BAB420ED1079B1B03AB420AD1B9
:10BD7000179B079A134206D00A9B013501330A9399
:10BD80000B9B01330B93119B0120002B6CD10B9B60
:10BD900018181F2318407ED001331B1A042B70DDA6
:10BDA0001C23181A0A9B24181B180A930B9B1B1898
:10BDB0000B930A9B002B05DD1A000399029800F0F3
:10BDC00097FB03900B9B002B05DD1A00049902984A
:10BDD00000F08EFB0490149B002B5ED00499039816
:10BDE00000F0D8FB002858DA00230A2203990298B1
:10BDF00000F00CFA0D9B013F0390002B00D190E165
:10BE0000002331000A22029800F000FA0C9B060081
:10BE1000002B00DD88E0209B022B00DC84E044E066
:10BE20003623189A9B1A47E7099B5D1E049BAB4279
:10BE300008DB5D1B099B002B0CDA0A9B099A9C1AF4
:10BE400000233BE7049B0495EA1A119B00259B18ED
:10BE50001193EFE70A9C099B30E7049D0A9C0D9E15
:10BE600037E7049A64E70025049B049A1B69109342
:10BE700003339B00D318586800F006FA2023181AE1
:10BE800085E7042B95D00A9A1C33D2180A920B9A94
:10BE9000E418D3188CE70300F5E7099B002B3DDC81
:10BEA000209B022B3ADD099B0C930C9B002B0CD1A1
:10BEB00004990522029800F0A9F904900100039862
:10BEC00000F068FB002800DDAFE5219B089DDF4303
:10BED000002309930499029800F07FF9002E00D105
:10BEE0009BE6099B002B05D0B34203D019000298B2
:10BEF00000F073F93100029800F06FF98DE6109BA5
:10BF000004931E00E1E70023FAE7109B3700049337
:10BF10001E008AE500002440330400000D9B002B26
:10BF200000D1B2E0099B0C93002C05DD310022000A
:10BF3000029800F0DDFA06003000002D11D0716883
:10BF4000029800F012F93100040033690C319A1C98
:10BF500092000C30FEF71AFD01222100029800F039
:10BF6000C7FA09960600089B0A9304990398FFF7FD
:10BF70007CFA09990D900400039800F00BFB320045
:10BF800010900499029800F01FFB01230B93C368E3
:10BF900030340500002B04D10100039800F0FAFAB8
:10BFA0000B902900029800F018F90B9B209A13437C
:10BFB0000ED1069A013313420AD1392C26D0109B98
:10BFC000002B01DD0D9C31340A9B5D1C1C7081E748
:10BFD000109B002B07DB1D00209B1D4322D101235A
:10BFE000069A13421ED10B9B002BEDDD0399012213
:10BFF000029800F07DFA0499039000F0CBFA002833
:10C0000002DCE1D1E307DFD5392CDBD10A9B0A9AA8
:10C010005D1C392313706B1E1A78392A67D00132E0
:10C020001A7057E70A9B5D1C0B9B002B04DD392C13
:10C03000ECD001340A9BC9E70A9B0C9A1C70089B40
:10C04000EB1A93423ED000230A220399029800F093
:10C05000DDF8099B0390B34209D100230A22099914
:10C06000029800F0D3F8099006000A957DE7099937
:10C0700000230A22029800F0C9F8002309900A223E
:10C080003100029800F0C2F8EEE7099B0C93089B80
:10C09000069304990398FFF7E8F9069B30305D1C7E
:10C0A00018700C9A089B0400EB1A9A4208DD0023D2
:10C0B0000A220399029800F0A9F806950390E8E790
:10C0C0000023099303990122029800F011FA0499C0
:10C0D000039000F05FFA00289DDC01D1E3079AD4B9
:10C0E0006B1E1A78302A00D0F4E61D00F8E7089A93
:10C0F0009A4203D1312301371370EBE61D008AE722
:10C100000B4B249A08930B4B002A01D0FFF777FAC8
:10C11000FFF777FA209B012B00DC21E6119D01201F
:10C1200035E60C9B002BB2DC209B022BAFDDBCE67E
:10C1300079E1000081E10000034B1B68186A0028C8
:10C1400000D10248F0307047E40000204801002090
:10C15000C9B28218904201D10020704703788B4207
:10C16000FBD00130F6E77047704770B5466A0400AF
:10C170000D00002E07D11020FEF7E2FB6062466042
:10C1800086600660C660666AF368002B13D0636A37
:10C19000AA00DB689B181868002818D101210E003E
:10C1A000AE40721D9200200000F0C6FA00280CD0AC
:10C1B000456086600DE021220421200000F0BCFAD9
:10C1C000636AF060DB68002BE1D1002070BD02687B
:10C1D0001A6000230361C360F8E770B5446A060083
:10C1E0000D00002C07D11020FEF7AAFB70624460FE
:10C1F00084600460C460002D07D0736A6A68DB68DD
:10C2000092009B181A682A601D6070BDF7B51E0069
:10C2100014239C4607000C0000200D698C446346E3
:10C220001B68013099B263461B6851431B0C534392
:10C2300089190E0C9B1989B21E0C1B045B186146F0
:10C2400008C18C468542EADC002E1BD0A368AB42B5
:10C2500012DC63683800591CFFF787FF210023694F
:10C2600001909A1C92000C310C30FEF78FFB2100DC
:10C270003800FFF7B2FF019C2B1D9B00E31801352E
:10C280005E6025612000FEBD0300020C002082429A
:10C2900001D11B0410301A0E01D108301B021A0FF5
:10C2A00001D104301B019A0F01D102309B00002BF9
:10C2B00003DB01305B0000D42020704707220368B5
:10C2C00010B501001A400DD001240020234205D1F1
:10C2D0000230034203D0E34020000B6010BD9B08F6
:10C2E0000B60FBE79CB21000002C01D110201B0C4E
:10C2F000DAB2002A01D108301B0A1A0701D1043032
:10C300001B099A0701D102309B08DA07E8D45B08C1
:10C3100001D00130E4E72020E0E710B50C00012156
:10C32000FFF723FF01234461036110BDF0B50B69E2
:10C330001400126989B00D00934201DA25000C0047
:10C340002F6926696968BB190293AB68BA199342D1
:10C3500000DA0131FFF709FF0200BB1914329B001C
:10C36000D3189C4600211300049063451DD3143557
:10C37000BF00EB191434B6000593A319039501947B
:10C380000793079B0199994211D3029B002B06DD6D
:10C3900004235B429C4463461B68002B51D0049BE2
:10C3A000029A18001A6109B0F0BD02C3DDE7019BD3
:10C3B0001B6898B200281CD015000026039F02CFEE
:10C3C0002C688BB24343090C4143A4B21B199B193F
:10C3D0000E0029680695090C71181E0C89190E0C9F
:10C3E0009BB209040B4308C5059BBB42E7D8069BDB
:10C3F0005E60019B1B681D0C1ED010000027136897
:10C40000039E3168046889B26943240C0919C9196B
:10C410000F049BB23B43036080CE43683F0C6F43E5
:10C420009BB2FB18090C5B18059906901F0C043091
:10C43000B142E6D806994B60019B04320433019364
:10C440009FE7029B013B02939FE700000323F7B5A0
:10C45000134005000E001400002B08D02249013BB8
:10C460009A00525800233100FFF7D0FE0600A310B7
:10C47000019336D06C6A002C07D11020FEF760FAC9
:10C480006862446084600460C4606F6ABC68002CA9
:10C4900007D116492800FFF740FF00230400B860C9
:10C4A00003600122019B13420AD0310022002800C0
:10C4B000FFF73CFF070031002800FFF78EFE3E002B
:10C4C000019B5B1001930CD02068002807D122004B
:10C4D00021002800FFF72AFF0023206003600400EA
:10C4E000DFE73000FEBDC046D8E200007102000068
:10C4F000F0B50D0017002B69541185B0E3180193B6
:10C50000013300934968AB680290009A934235DB8F
:10C510000298FFF72AFE00230200060019001432D9
:10C52000A3422EDBE343DB171C402B00A4001419AD
:10C530002A69143392009A1894461F22174024D077
:10C540000132D21B0392002219682000B9400A432D
:10C5500004C404CB0399CA409C45F5D84260002A24
:10C5600002D0019B02330093009B0298013B336190
:10C570002900FFF732FE300005B0F0BD01315B004D
:10C58000C3E7980011500133CAE704CB04C49C45AB
:10C59000FBD8E9E70A69036930B59B1A0DD192000F
:10C5A0001430143184188918043C043925680A6849
:10C5B000954204D00123954204D3180030BDA04217
:10C5C000F2D3FAE75B42F8E7F0B50D0085B007005B
:10C5D000110028001400FFF7DDFF061E08D101003E
:10C5E0003800FFF7C2FD01234661036105B0F0BDCD
:10C5F00001230193002804DB23002C001D000023ED
:10C60000019361683800FFF7B0FD2F000022019B05
:10C610002669C3601434B300E31802932B691437FE
:10C620009B00FB18039303009446143320CC04CFE3
:10C630000192AAB294446A46614692882D0C8A1AE5
:10C640000199090C691A151449190D1492B20904BB
:10C650000A431A60039AAC460433BA42E6D80299F8
:10C660001A008C4205D3043A1368002B0ED00661E1
:10C67000BCE704CC91B261440D14120C521915148C
:10C6800089B212040A43AC4604C3E8E7013EEAE774
:10C69000F7B51D0001211400089FFFF766FD2B036D
:10C6A0006D0006001B0B6D0D24D10193002C27D0CB
:10C6B00068460094FFF702FE009C00281ED0019BF4
:10C6C00020211A00091A8A40C34022437261019353
:10C6D000019CB461631E9C4101343461002D18D06B
:10C6E000124BED1835232D183D60181A099B186060
:10C6F0003000FEBD802252031343D6E77461E7E7A2
:10C7000001A8FFF7DBFD0124019B34617361203038
:10C71000E4E7074BC018074B3860E3189B00F31899
:10C720005869FFF7B1FD6401201ADFE7CDFBFFFF79
:10C73000CEFBFFFFFFFFFF3F4A4370B5110014001F
:10C74000FEF792F9051E03D022000021FEF73AF908
:10C75000280070BDF8B507000D001600002905D1AE
:10C760001100FEF781F904002000F8BD002A03D172
:10C77000FEF730F93400F7E700F072F92C00B04210
:10C78000F2D231003800FEF76FF9041EECD0290018
:10C790003200FEF7FBF829003800FEF71BF9E3E74B
:10C7A000F0B58E6885B007000C00039201939E429D
:10C7B0003CD890238A89DB001A4234D003250969CA
:10C7C00023685B1A0293636902985D43EB0F5D195E
:10C7D000019B6D1001331B18AB4200D91D0053059E
:10C7E00032D529003800FEF73FF9061E09D10C2387
:10C7F0003B6040230120A28940421343A38105B03E
:10C80000F0BD029A2169FEF7C1F8A389144A1A40C3
:10C8100080231343A381029B2661F618266065617D
:10C82000019EED1AA560019B9E4200D9019E320037
:10C8300003992068FEF7B3F8A36800209B1BA36050
:10C8400023689E192660DAE72A003800FFF782FF86
:10C85000061EE0D121693800FEF7BCF8C7E7C046E4
:10C860007FFBFFFFF0B59FB0029005938B890F000F
:10C8700016001B0611D50B69002B0ED14021FEF7C7
:10C88000F3F838603861002805D10C23029A01388A
:10C8900013601FB0F0BD40237B61002306AC6361D1
:10C8A000203363761033A37635002B78002B01D02C
:10C8B000252B46D1AB1B04930CD0320039000298D3
:10C8C000FFF76EFF431C00D1AEE06269049B944603
:10C8D000634463612B78002B00D1A5E00122002383
:10C8E0005242626002A9543252186E1C2360E36007
:10C8F000A3601370A365317805225448FFF728FC24
:10C90000751C00281FD12268D30604D5532302A921
:10C910005B1820211970130704D5532302A95B1853
:10C920002B21197033782A2B16D0350000210A20CC
:10C93000E3682A786E1C303A092A4ED9002918D0AB
:10C9400010E00135B1E7414B2268C01A0123834052
:10C95000134323602E00CEE7059B191D1B6805912C
:10C96000002B01DB099304E05B42E36002231343E5
:10C9700023602B782E2B0AD16B782A2B35D1059B7F
:10C9800002351A1D1B680592002B2BDB0793304ED6
:10C99000297803223000FFF7DBFB002806D0402374
:10C9A000801B8340226801351343236029780622C7
:10C9B00028486E1C2176FFF7CBFB00283CD0264B85
:10C9C000002B25D10722059B07339343083305939A
:10C9D0006369039A9B18636166E7434301219B18CF
:10C9E0003500A6E701235B42D0E700230A201A00A6
:10C9F0000135636029786E1C3039092903D9002B71
:10CA0000C5D00792C3E74243012352183500F1E72E
:10CA100005AB00933A00114B21000298FEF71EF976
:10CA20000390039B0133D3D1BB890B985B0600D4E1
:10CA30002FE7012040422CE705AB00933A00074B5B
:10CA400021000298FEF7C4FBEAE7C046E4E20000DA
:10CA5000EAE20000EEE200005DAC0000A1C70000C9
:10CA60000B1F1B68181F002B01DA0B58C0187047EA
:10CA7000044A1368002B00D1034B181810601800EB
:10CA80007047C0468C14002094140020F8B5C046AE
:10CA9000F8BC08BC9E467047F8B5C046F8BC08BC58
:10CAA0009E467047000000009A9999999999B93F5C
:10CAB0007B14AE47E17A843F2D431CEBE2361A3FEC
:10CAC0003A8C30E28E79453EBC89D897B2D29C3CF4
:10CAD00033A7A8D523F649393DA7F444FD0FA53265
:10CAE0009D978CCF08BA5B25436FAC642806C80AB3
:10CAF0000000000000002440000000000000594039
:10CB0000000000000088C3400000000084D7974167
:10CB10000080E03779C34143176E05B5B5B8934639
:10CB2000F5F93FE9034F384D321D30F94877825A05
:10CB30003CBF737FDD4F157553534431333036207E
:10CB4000616C6C6F636174696F6E206661696C659E
:10CB500064004F4C454420416C6C6F6361746564A4
:10CB6000002020507261637461626C6520506F72A6
:10CB700074616C005278205342432053687574648A
:10CB80006F776E0053424320506F776572204F6677
:10CB90006600534243205265626F6F7400556E6B9E
:10CBA0006E6F776E205374617465004572726F7298
:10CBB00020696E2073637265656E2074696D65729D
:10CBC000004572726F7220696E2073637265656EC4
:10CBD000207374617465206D616368696E650047D8
:10CBE00045543F0074656D700054656D703A2000C7
:10CBF000637075004350553A20006D656D004D65BA
:10CC00006D3A20006469736B004469736B3A2000CD
:10CC1000757074696D6500557074696D653A2000B2
:10CC200069700049503A20006D6163004D41433AFC
:10CC300020000A7B2272786564223A202200227D3D
:10CC4000004578706572696D656E743A20002057F2
:10CC500000205620200020412020005342433A204B
:10CC600000566578703A202535732C204965787018
:10CC70003A202535732C20567362633A202535738C
:10CC80002C20497362633A20253573002073626358
:10CC90003A202532692C206578743A202532692C97
:10CCA000206578703A202532692C207265626F6F9A
:10CCB000743A202532692C2065787065723A2025F7
:10CCC00032690000000000000000000000000000C9
:10CCD000000000000000FFF0000000000000000065
:10CCE000000000000001FFF0000000000000000054
:10CCF000000000000001FFF800000000000000003C
:10CD0000000000000003C03C000000000000000024
:10CD1000000000000007801C000000000000000070
:10CD2000000000000007801E00000000000000005E
:10CD300000000000000F000E0000000000000000D6
:10CD400000000000000E000F0000000000000006C0
:10CD500000600000001E0007000000000010000638
:10CD600000600000001E00078000000000180006A0
:10CD700000600003FF9E000700000000003800066E
:10CD800000600003FFCF000F3F0FE7E07E7E1F86AD
:10CD9000F861F807FFE7000E7F8FCFF0FF7E3FC7F7
:10CDA000FC63FC0F00E7801EE1CE0C39C33870C76E
:10CDB0000E630E0E00F3803CC0CE1C1980386066F6
:10CDC0000667061E0073C038C0CC1819801860664C
:10CDD0000667FE1C0079FFF8C0CC181D801860663D
:10CDE0000667FC3C003DFFF0C0CC1C1D801860E6CF
:10CDF00006630078001CFFF0E1CC0C3CC21870E325
:10CE00000E638478001E0000FF8C0FFCFF1E3FE3C2
:10CE1000FC79FC78001E0000DF0C03E87E0E1F602A
:10CE2000F838F838003CFFF0C000000000000000B7
:10CE30000000003C0039FFF0C000000000080400C2
:10CE40000020001C007BFFF8C0000030000B4400F5
:10CE50000020001E00738038CB0C30339868646368
:10CE60008620000F00F7803C0FBEF833BCFB65F74F
:10CE7000CF200007FFE7001C08A2C932668B451EC1
:10CE800078A00007FFEF001E08A2CBB2628B651EE0
:10CE900078A00003FFCE000F08B6C81236DB65B2DB
:10CEA0006DA00001FF9E0007089C881A1E7034E0E8
:10CEB00007B00000001C0007800000000000000018
:10CEC00000000000001E000F00000000009800603D
:10CED00000008000000E000F0000000000800060D5
:10CEE00000008000000F001E00003CEF1DD3CF6249
:10CEF0004BCE90000007801C00006689A09219614B
:10CF00006A68F0000007803C00004698A09211E19A
:10CF1000FE28E0000003C03800006699A09219E1E5
:10CF2000B668F0000001FFF800007C8FBCD3CFA0F2
:10CF300093C890000001FFF00000400000000000D6
:10CF4000000000000000FFF00000400000000000B2
:10CF500000000000000000000000000000000000D1
:10CF6000000000747275650066616C7365006E7513
:10CF70006C6C002F2F22225C5C6208660C6E0A72B9
:10CF80000D7409000A507261637461626C6520500F
:10CF90006F7274616C0A46573A2056312E302E302B
:10CFA00000556E737469636B696E67204275730018
:10CFB0005769726520426567696E005374617274C7
:10CFC000696E67204F4C454400656E64206F662093
:10CFD000736574757000010203000000000000001A
:10CFE00000000000A535000019360000B73500002C
:10CFF000C135000085350000253600006936000087
:10D00000A5370000A5360000A3350000A3350000B9
:10D0100055370000A73500000000000000000000A8
:10D02000BF3A0000A938000075380000D33800006E
:10D03000CD380000713B0000E5380000FD380000ED
:10D04000013A0000593900003D39000085380000E0
:10D050000B3B00009D3800002F3A0000793800009B
:10D06000D5380000DD38000000000000003E5B4FB6
:10D070005B3E3E6B4F6B3E1C3E7C3E1C183C7E3C38
:10D08000181C577D571C1C5E7F5E1C00183C180046
:10D09000FFE7C3E7FF0018241800FFE7DBE7FF30D6
:10D0A000483A060E2629792926407F050507407F44
:10D0B00005253F5A3CE73C5A7F3E1C1C08081C1CB7
:10D0C0003E7F14227F22145F5F005F5F06097F01AD
:10D0D0007F006689956A606060606094A2FFA29498
:10D0E00008047E040810207E201008082A1C080866
:10D0F0001C2A08081E101010100C1E0C1E0C3038B4
:10D100003E3830060E3E0E06000000000000005FB4
:10D1100000000007000700147F147F14242A7F2AD0
:10D120001223130864623649562050000807030092
:10D13000001C2241000041221C002A1C7F1C2A08DE
:10D14000083E080800807030000808080808000041
:10D1500060600020100804023E5149453E00427FB5
:10D16000400072494949462141494D331814127F04
:10D170001027454545393C4A4949314121110907A4
:10D180003649494936464949291E00001400000025
:10D1900040340000000814224114141414140041F7
:10D1A00022140802015909063E415D594E7C1211B4
:10D1B000127C7F494949363E414141227F414141EC
:10D1C0003E7F494949417F090909013E4141517367
:10D1D0007F0808087F00417F41002040413F017FD8
:10D1E000081422417F404040407F021C027F7F04A0
:10D1F00008107F3E4141413E7F090909063E4151E9
:10D20000215E7F09192946264949493203017F01D8
:10D21000033F4040403F1F2040201F3F4038403FD9
:10D22000631408146303047804036159494D4300EF
:10D230007F4141410204081020004141417F040226
:10D2400001020440404040400003070800205454BD
:10D2500078407F284444383844444428384444289B
:10D260007F385454541800087E090218A4A49C78EE
:10D270007F0804047800447D40002040403D007F4A
:10D280001028440000417F40007C047804787C082A
:10D290000404783844444438FC18242418182424FE
:10D2A00018FC7C08040408485454542404043F44E3
:10D2B000243C4040207C1C2040201C3C4030403C12
:10D2C00044281028444C9090907C4464544C440072
:10D2D00008364100000077000000413608000201D6
:10D2E0000204023C2623263C1EA1A161123A4040C2
:10D2F000207A38545455592155557941225454783F
:10D3000042215554784020545579400C1E527212D7
:10D310003955555559395454545939555454580060
:10D3200000457C410002457D420001457C407D1264
:10D3300011127DF0282528F07C54554500205454C6
:10D340007C547C0A097F4932494949323A44444471
:10D350003A324A4848303A4141217A3A42402078AC
:10D36000009DA0A07D3D4242423D3D4040403D3CAD
:10D3700024FF2424487E4943662B2FFC2F2BFF09D2
:10D3800029F620C0887E09032054547941000044C6
:10D390007D413048484A32384040227A007A0A0AB1
:10D3A000727D0D19317D2629292F28262929292624
:10D3B00030484D4020380808080808080808382F69
:10D3C00010C8ACBA2F102834FA00007B00000814F3
:10D3D0002A142222142A14085500550055AA55AAC9
:10D3E00055AAFF55FF55FF000000FF00101010FF69
:10D3F00000141414FF001010FF00FF1010F010F0C4
:10D40000141414FC001414F700FF0000FF00FF14B4
:10D4100014F404FC141417101F10101F101F141400
:10D42000141F00101010F0000000001F101010104A
:10D430001F10101010F010000000FF10101010103E
:10D4400010101010FF10000000FF140000FF00FF7C
:10D4500000001F10170000FC04F414141710171418
:10D4600014F404F40000FF00F7141414141414143A
:10D47000F700F7141414171410101F101F141414AD
:10D48000F4141010F010F000001F101F0000001F17
:10D4900014000000FC140000F010F01010FF10FF4A
:10D4A000141414FF141010101F00000000F010FFDF
:10D4B000FFFFFFFFF0F0F0F0F0FFFFFF00000000C3
:10D4C00000FFFF0F0F0F0F0F3844443844FC4A4A47
:10D4D0004A347E02020606027E027E0263554941FC
:10D4E000633844443C04407E201E2006027E020233
:10D4F00099A5E7A5991C2A492A1C4C7201724C3047
:10D500004A4D4D303048784830BC625A463D3E491D
:10D510004949007E0101017E2A2A2A2A2A44445FC1
:10D52000444440514A444040444A51400000FF01B5
:10D5300003E080FF000008086B6B083612362436C3
:10D54000060F090F06000018180000001010003028
:10D5500040FF0101001F01011E00191D1712003CB0
:10D560003C3C3C0000000000000000000000000007
:10D570006D4800007974000075380000B93C000067
:10D5800071730000813D0000833D0000AD3D00004F
:10D590008D3D00009D3D0000BB3C0000813D000032
:10D5A000AF3F0000233F0000C53D0000013E0000EA
:10D5B0003D3E0000893E0000253F0000A33E0000E4
:10D5C00000000000000180000000000000000000DA
:10D5D000038000000000000000000007C000000001
:10D5E00000000000000007C0000000000000000074
:10D5F000000FC00000000000000000001FE000005D
:10D60000000000000000001FE0000000000000001B
:10D6100000003FE00000000000000000003FF000BC
:10D6200000000000000000007FF00000000000008B
:10D63000001FF87FF0000000000000003FFE7FF0B8
:10D64000000000000000003FFF7FF000000000002D
:10D6500000001FFFFBE0000000000000000FFFF9CA
:10D66000FFC00000000000000FFFF9FFF8000000FD
:10D6700000000007FFF1FFFF00000000000003FCB6
:10D6800073FFFF80000000000001FE3FFFFF8000ED
:10D690000000000000FF1E0FFF000000000000005F
:10D6A0007FFE1FFC000000000000003FFFFFF800AD
:10D6B0000000000000000FDFFFE00000000000009D
:10D6C000001F19FFC0000000000000003F3CFF00E9
:10D6D000000000000000007E7CF800000000000058
:10D6E00000007FFE7C0000000000000000FFFFFC47
:10D6F0000000000000000000FFFFFE00000000002E
:10D70000000000FFFFFE0000000000000001FFEF2E
:10D71000FE0000000000000001FFCFFE000000003E
:10D7200000000003FF07FE0000000000000003FCF3
:10D7300007FE0000000000000003F003FE000000F0
:10D7400000000000018000FE00000000000000005A
:10D7500000007E000000000000000000003E00000D
:10D7600000000000000000000C00000000000007A6
:10D770008000FC000003C0000000078001FC0000E6
:10D7800003C0000000078001FC000003C00000008F
:10D79000078001E00000001E000000078001E0009B
:10D7A00000001E007FE3F79FF9FDE7787BDFC0FFF5
:10D7B000F7FFBFFDFDFF787BDFC0FFF7FFBFFDFD7B
:10D7C000FF787BDFC0F0F787BC3DE1FF787BDE00B0
:10D7D000F0F787BC3DE1F0787BDE0000F787803D05
:10D7E000E1E0787BDE007FF7879FFDE1E0787BDE7C
:10D7F00000FFF787BFFDE1E0787BDE00F0F787BC34
:10D800003DE1E0787BDE00F0F787BC3DE1E0787B2E
:10D81000DE00F0F787BC3DE1E0787BDE00FFF7FF3C
:10D82000BFFDE1E07FFBDFC0FFF7FFBFFDE1E07F71
:10D83000FBDFC07CF3F39F3DE1E03E7BCFC0000007
:10D84000000000000000000000FFFFFFFFFFFFFFDF
:10D85000FFFFFFC0FFFFFFFFFD68DB111A31C0FFB4
:10D86000FFFFFFFD2B5AFB6AEFC0FFFFFFFFFD4BE1
:10D870005B3B1A33C0FFFFFFFFFD6B5BDB6AFDC044
:10D880000000600000000000000000000000000038
:10D8900000E00000000000000000000000000001A7
:10D8A000E00000000000000000000000000001F0A7
:10D8B0000000000000000000000000000003F00075
:10D8C00000000000000000000000000007F0000061
:10D8D000000000000000000000000007F800000049
:10D8E000000000000000000000000FF8000000032E
:10D8F000C0007E000001E0007F0FF800000003C0C0
:10D9000000FE000001E000FFEFF800000003C0008F
:10D91000FE000001E000FFFFF800000003C000F07F
:10D920000000000F007FFE7FC0000003C000F00079
:10D9300000000F003FFE7FF83FF1FBCFFCFEF3BC81
:10D940003DEFE01FFE7FFF7FFBFFDFFEFEFFBC3DE4
:10D95000EFE01FC6FFFF7FFBFFDFFEFEFFBC3DEFDA
:10D96000E00FE3C7FE787BC3DE1EF0FFBC3DEF0097
:10D9700007FF87FC787BC3DE1EF0F83C3DEF00011B
:10D98000FFFFF0007BC3C01EF0F03C3DEF0001F351
:10D990007FE03FFBC3CFFEF0F03C3DEF0003E33FF1
:10D9A000807FFBC3DFFEF0F03C3DEF0007E73C006B
:10D9B000787BC3DE1EF0F03C3DEF0007FFBE007831
:10D9C0007BC3DE1EF0F03C3DEF0007FFFE00787BDE
:10D9D000C3DE1EF0F03C3DEF000FFFFE007FFBFFBB
:10D9E000DFFEF0F03FFDEFE00FFFFF007FFBFFDF0A
:10D9F000FEF0F03FFDEFE00FF9FF003E79F9CF9E1A
:10DA0000F0F01F3DE7E01FF1FF0000000000000004
:10DA100000000000001F80FF007FFFFFFFFFFFFFEF
:10DA2000FFFFFFE01C007F007FFFFFFFFEB46D885B
:10DA30008D18E000001F007FFFFFFFFE95AD7DB554
:10DA400077E000000F007FFFFFFFFEA5AD9D8D1961
:10DA5000E0000006007FFFFFFFFEB5ADEDB57EE004
:10DA600000000000000000006D4800007974000014
:10DA700075380000B93C000089490000813D000074
:10DA8000833D0000AD3D00008D3D00009D3D000048
:10DA9000BB3C0000813D0000AF3F0000574B000041
:10DAA000DF510000915100003D3E0000893E000022
:10DAB000253F0000A33E00000080C0E0F0F8FCFE1F
:10DAC000000103070F1F3F7FAED580A8D300408D14
:10DAD0002000A1C8DB40A4A62EAF2200FF21000039
:10DAE0000100000017000000030000000400000017
:10DAF000FF00FFFFFFFFFF00010000001600000015
:10DB00000300000004000000FF00FFFFFFFFFF0014
:10DB1000010000000A000000080000001C000000D6
:10DB2000FF00000500050A00010000000B000000D6
:10DB3000080000001C000000FF00010501050B00AB
:10DB40000000000007000000080000001C000000AA
:10DB5000070001010101FF000000000005000000B6
:10DB6000080000001C000000050001000100FF008B
:10DB70000000000004000000080000001C0000007D
:10DB8000040000000000FF0000000000060000008C
:10DB900008000000040000000600FFFFFFFFFF0078
:10DBA0000000000012000000080000000400000057
:10DBB000FF00FFFFFFFFFF00000000001400000057
:10DBC000080000002C000000FF000200020004001A
:10DBD0000000000015000000080000002C000000FC
:10DBE000FF0003000300050000000000100000001B
:10DBF000020000001C000000FF0000020002000004
:10DC00000000000013000000020000001C000000E3
:10DC1000FF0001030103FF000000000011000000ED
:10DC20000200000004000000FF00FFFFFFFF0100F2
:10DC300000000000020000000100000006000000DB
:10DC40000000FFFFFFFFFF000100000002000000D6
:10DC500001000000040000000A00FFFFFFFF0200B7
:10DC6000000000000B000000010000002C0000007C
:10DC7000130003000300FF00000000000A00000082
:10DC8000010000002C000000120002000200FF0052
:10DC90000100000008000000030000000600000072
:10DCA0000200FFFFFFFFFF0001000000090000006D
:10DCB0000300000018000000030001040104090033
:10DCC0000000000009000000010000000400000046
:10DCD0001100FFFFFFFFFF00010000000300000034
:10DCE00001000000040000000B00FFFFFFFF030025
:10DCF000000000000C000000020000000000000016
:10DD0000FF00FFFFFFFFFF00000000000D0000000C
:10DD10000200000000000000FF00FFFFFFFFFF0007
:10DD2000000000000E0000000800000000000000DD
:10DD3000FF00FFFFFFFFFF00000000000F000000DA
:10DD40000200000000000000FF00FFFFFFFFFF00D7
:10DD5000000000001B0000000800000000000000A0
:10DD6000FF00FFFFFFFF0F000000000008000000A1
:10DD70000800000004000000FF00FFFFFFFFFF009D
:10DD8000000000001C00000008000000040000006B
:10DD9000FF00FFFFFFFFFF00000000001600000073
:10DDA000020000001C000000FF0000040004060048
:10DDB0000000000017000000020000001C0000002E
:10DDC000FF0001040104070000000000180000002B
:10DDD0000600000000000000FF00FFFFFFFFFF0043
:10DDE0000000000019000000060000000000000014
:10DDF000FF00FFFFFFFFFF0000C20100000008005E
:10DE00000000000000000000B55B0000ED5D0000B8
:10DE1000B15B0000D15D0000B15D0000295E000033
:10DE20000D5E0000AD5B0000AF5B0000A15D000077
:10DE30004D5E0000DF5D0000C95B0000315B00004B
:10DE4000F55C0000595B0000F0FFFFFF00000000E0
:10DE5000915D0000E55C0000735E00009D5B0000CA
:10DE60000000000000000000B5600000BB6C000076
:10DE7000936C00009F6C00001D5F00001F5F00009E
:10DE80000D60000041726475696E6F204E414E4F07
:10DE900020333320496F5400040309044172647530
:10DEA000696E6F204C4C430012010002EF020140EA
:10DEB000412357800001010203010000000000001F
:10DEC00000000000A172000079740000A36E000041
:10DED000EF6E00009D6E00003D730000B36E000009
:10DEE0008D6E00004D6F0000CB6E0000896E00004B
:10DEF0000D0A00252525642E256466000288000091
:10DF00003E870000628700000087000062870000F3
:10DF1000DE87000062870000008700003E87000067
:10DF20003E870000DE870000008700003488000084
:10DF30003488000034880000EA8700003E87000033
:10DF40003E87000062870000FE86000062870000B6
:10DF5000DE87000062870000FE8600003E8700002A
:10DF60003E870000DE870000FE8600003488000047
:10DF70003488000034880000E8870000A089000091
:10DF80004A8900004A890000788A0000468900001A
:10DF9000468900006E8A0000788A000046890000E9
:10DFA0006E8A000046890000788A00007C8A0000A2
:10DFB0007C8A00007C8A0000848A00007C94000037
:10DFC000EE9200003293000096920000329300001F
:10DFD000229400003293000096920000EE9200001E
:10DFE000EE92000022940000969200008E920000B3
:10DFF0008E9200008E92000030940000A49B0000DE
:10E00000A69A0000A69A0000C49D0000A09A0000F5
:10E01000A09A0000AC9D0000C49D0000A09A0000E2
:10E02000AC9D0000A09A0000C49D0000BA9D0000B5
:10E03000BA9D0000BA9D0000C89D00004300504FEB
:10E04000534958002E00494E4600696E66004E4105
:10E050004E006E616E003031323334353637383928
:10E060004142434445460030313233343536373847
:10E070003961626364656600002020202020202032
:10E080002020282828282820202020202020202068
:10E090002020202020202020208810101010101078
:10E0A00010101010101010101004040404040404C4
:10E0B000040404101010101010104141414141415E
:10E0C0000101010101010101010101010101010140
:10E0D0000101010110101010101042424242424250
:10E0E0000202020202020202020202020202020210
:10E0F00002020202101010102000000000000000B8
:10E10000000000000000000000000000000000000F
:10E1100000000000000000000000000000000000FF
:10E1200000000000000000000000000000000000EF
:10E1300000000000000000000000000000000000DF
:10E1400000000000000000000000000000000000CF
:10E1500000000000000000000000000000000000BF
:10E1600000000000000000000000000000000000AF
:10E17000000000000000000000496E66696E6974CE
:10E1800079004E614E000000000000000000000019
:10E19000000000000000000000000000000000007F
:10E1A000000000000000000000000000000000006F
:10E1B000000000000000000000000000000000005F
:10E1C000000000000000000000000000000000004F
:10E1D000000000000000000000000000000000003F
:10E1E00000000000000000000080E03779C34143D8
:10E1F000176E05B5B5B89346F5F93FE9034F384DAD
:10E20000321D30F94877825A3CBF737FDD4F157558
:10E21000000000000000F03F00000000000024406B
:10E2200000000000000059400000000000408F4046
:10E23000000000000088C34000000000006AF840B1
:10E240000000000080842E4100000000D0126341D5
:10E250000000000084D797410000000065CDCD414B
:10E26000000000205FA00242000000E8764837422C
:10E27000000000A2941A6D42000040E59C30A242CA
:10E280000000901EC4BCD64200003426F56B0C433F
:10E290000080E03779C3414300A0D88557347643E6
:10E2A00000C84E676DC1AB43003D9160E458E14347
:10E2B000408CB5781DAF154450EFE2D6E41A4B44BC
:10E2C00092D54D06CFF08044F64AE1C7022DB54401
:10E2D000B49DD9794378EA44050000001900000094
:10E2E0007D000000232D302B2000686C4C006566FB
:0CE2F000674546470000000000000000E9
:08E2FC00D09EFF7F010000002D
:10E304000000000049503A20000000000020435063
:10E31400553A202020000000002025000000004481
:10E3240069736B3A202020000000002025000000C3
:10E33400000000002A0000007F000000E8034D41B7
:10E34400433A0000000000204D656D3A2020200073
:10E35400000000202500000000000000B0000020A4
:10E364000D000020470000201F000020C2000020F4
:10E37400040000203E0000209C040020F002002045
:10E38400220400202F030020B0040020F00300200A
:10E3940008040020BC0000201900002053000020C5
:10E3A4002B000020C4040020040300201C040020CF
:10E3B40054656D703A2020200000000020646567D9
:10E3C4004300557074696D653A200000FFFFFFFF3C
:10E3D400FFFFFFFF40420F000A0000000A00000098
:10E3E400FFFFFFFFE800002000000000A8E100009C
:10E3F400C8E1000088E10000000000000000000007
:10E404000000000000000000000000000000000008
:10E4140000000000000000000000000000000000F8
:10E4240000000000000000000000000000000000E8
:10E4340000000000000000000000000000000000D8
:10E444000000000000000000430000000000000085
:10E4540000000000000000000000000000000000B8
:10E464000000000000000000430000000000000065
:10E474000000000000000000000000000000000098
:10E484000000000000000000430000000000000045
:10E494000000000000000000000000000000000078
:10E4A4000000000000000000430000000000000025
:10E4B4000000000000000000000000000000000058
:10E4C4000000000000000000430000000000000005
:10E4D4000000000000000000000000000000000038
:10E4E40000000000000000004300000000000000E5
:10E4F4000000000000000000000000000000000018
:10E5040000000000000000004300000000000000C4
:10E5140000000000000000000000000000000000F7
:10E52400000000000000000053B4000069A90000CE
:10E534000000000078E0000044E0000083CF000009
:10E5440083CF000083CF000083CF000083CF00007F
:10E5540083CF000083CF000083CF000083CF00006F
:10E56400FFFFFFFFFFFFFFFFFFFFFFFFFFFF0000B5
:10E57400010041534349490000000000000000002D
:10E584000000000000000000000000000000000087
:10E59400000041534349490000000000000000000E
:10E5A4000000000000000000000000000000000067
:10E5B40000000000DD20000079300000DD3700009D
:10E5C400A13C0000D5540000095F00001D6D00004F
:04E5D400B52000006E
:04000003000075B5CF
:00000001FF
